run_id,group,case_id,p_ref,q_ref,s_va,angle_deg,vrms,thd_pct,i1_rms_a,ih_rms_a,irms_a,dc_a,peak_a,p_w,q1_var,p_error_w,q_error_var,pq_tolerance,saturation_fraction,periodicity_rms_a,pll_error_deg,thd_pass,guard_pass,combined_pass,ctl_design_hz,ctl_k3,ctl_k5,ctl_res_width_hz,wave_file,wave_index,solver_substeps,solver_cycles
doe_0000,doe,T000,424.26406871192853,-424.2640687119285,600.0,-45.0,230.0,6.569754496221611,2.6087087218690983,0.1713857585483204,2.6143324768238556,6.217248937900876e-16,3.82915065112539,425.3086370104611,-423.22118393248127,1.0445682985325675,1.0428847794472063,12.0,0.0,7.797464836867165e-14,-0.2815754062048695,False,True,False,500.0,0.0,0.0,5.0,data/doe.npz,0,4,40
doe_0001,doe,T001,600.0,0.0,600.0,0.0,230.0,6.568443972605752,2.6087086875929546,0.17135156855304204,2.614330201443559,1.2256862191861727e-15,3.829143343167215,600.0011825877914,1.4760345172816682,0.001182587791390688,1.4760345172816682,12.0,0.0,7.691041299679766e-14,-0.2815754062048695,False,True,False,500.0,0.0,0.0,5.0,data/doe.npz,1,4,40
doe_0002,doe,T002,424.26406871192853,424.2640687119285,600.0,45.0,230.0,6.5670111612160635,2.6087087734824923,0.17131419631821793,2.614327837886349,1.4743761767022078e-15,3.8291331981057883,423.2212123571054,425.30862547244163,-1.0428563548231295,1.04455676051316,12.0,0.0,7.682689600712655e-14,-0.2815754062048695,False,True,False,500.0,0.0,0.0,5.0,data/doe.npz,2,4,40
doe_0003,doe,T003,565.685424949238,-565.6854249492379,800.0,-44.99999999999999,230.0,5.196968557984563,3.4782783022110193,0.18076502972510594,3.4829723116716345,2.6645352591003756e-16,5.060858362453719,567.0781806929836,-564.2949159895622,1.3927557437455107,1.3905089596756852,16.0,0.0,7.847828777040919e-14,-0.2815754062048695,False,True,False,500.0,0.0,0.0,5.0,data/doe.npz,3,4,40
doe_0004,doe,T004,800.0,0.0,800.0,0.0,230.0,5.196451854126041,3.478278268800196,0.18074705559073093,3.4829713453813143,1.2256862191861727e-15,5.060856641851348,800.0015810756578,1.9680474928623353,0.001581075657782094,1.9680474928623353,16.0,0.0,7.789009061334461e-14,-0.2815754062048695,False,True,False,500.0,0.0,0.0,5.0,data/doe.npz,4,4,40
doe_0005,doe,T005,565.685424949238,565.6854249492379,800.0,44.99999999999999,230.0,5.1958051911997964,3.4782783582597365,0.18072456750283847,3.4829702676712384,2.5579538487363606e-15,5.06084954401802,564.2949457321587,567.078169282598,-1.3904792170793598,1.3927443333600422,16.0,0.0,7.73196046305313e-14,-0.2815754062048695,False,True,False,500.0,0.0,0.0,5.0,data/doe.npz,5,4,40
doe_0006,doe,T006,707.1067811865476,-707.1067811865474,1000.0,-45.0,230.0,4.282355449371043,4.347847882656329,0.18619030073329684,4.351832792178103,-2.486899575160351e-16,6.291568054683286,708.8477242533087,-705.3686482031557,1.7409430667611332,1.738132983391779,20.0,0.0,7.829667702502131e-14,-0.2815754062048695,True,True,True,500.0,0.0,0.0,5.0,data/doe.npz,6,4,40
doe_0007,doe,T007,1000.0,0.0,1000.0,0.0,230.0,4.282134034182497,4.347847850864561,0.1861806725763436,4.351832348300322,1.5987211554602255e-15,6.291569425523844,1000.0019797606001,2.460060494166582,0.0019797606000793166,2.460060494166582,20.0,0.0,7.888203135543642e-14,-0.2815754062048695,True,True,True,500.0,0.0,0.0,5.0,data/doe.npz,7,4,40
doe_0008,doe,T008,707.1067811865476,707.1067811865474,1000.0,45.0,230.0,4.281779875277014,4.347847942932757,0.18616527822814039,4.3518317815277,3.3750779948604757e-15,6.291562600009231,705.3686789498657,708.8477132155106,-1.7381022366818115,1.7409320289631296,20.0,0.0,7.777526703652731e-14,-0.2815754062048695,True,True,True,500.0,0.0,0.0,5.0,data/doe.npz,8,4,40
doe_0009,doe,T000,424.26406871192853,-424.2640687119285,600.0,-45.0,230.0,6.313933620422035,2.6087087204334214,0.1647121369583273,2.6139034609192744,-2.7533531010703883e-15,3.854296854637546,425.30863668477383,-423.22118379164056,1.0445679728453001,1.0428849202879178,12.0,0.0,7.83937993778573e-14,-0.2815754062048695,False,True,False,500.0,0.0,2.0,5.0,data/doe.npz,9,4,40
doe_0010,doe,T001,600.0,0.0,600.0,0.0,230.0,6.31278083214154,2.6087086881556467,0.16468206203230068,2.6139015337051754,4.618527782440651e-15,3.8543068899485284,600.0011827180228,1.4760341872165381,0.0011827180228465295,1.4760341872165381,12.0,0.0,7.735662916269489e-14,-0.2815754062048695,False,True,False,500.0,0.0,2.0,5.0,data/doe.npz,10,4,40
doe_0011,doe,T002,424.26406871192853,424.2640687119285,600.0,45.0,230.0,6.311497008763924,2.6087087749184024,0.16464857629633697,2.6138995107934018,1.3322676295501878e-15,3.854264771323577,423.22121249811113,425.30862579804034,-1.0428562138174016,1.0445570861118654,12.0,0.0,7.698242715269391e-14,-0.2815754062048695,False,True,False,500.0,0.0,2.0,5.0,data/doe.npz,11,4,40
doe_0012,doe,T003,565.685424949238,-565.6854249492379,800.0,-44.99999999999999,230.0,4.97580646693725,3.4782783008302505,0.1730723966307867,3.4825815407131975,-3.3573144264664732e-15,5.087543071645705,567.0781803611366,-564.2949158728155,1.39275541189852,1.3905090764224042,16.0,0.0,7.831443563915593e-14,-0.2815754062048695,True,True,True,500.0,0.0,2.0,5.0,data/doe.npz,12,4,40
doe_0013,doe,T004,800.0,0.0,800.0,0.0,230.0,4.975347248847642,3.4782782694567573,0.17305642218668216,3.4825807154119253,4.7961634663806766e-15,5.087557478970185,800.0015812274482,1.9680471754841509,0.0015812274482414068,1.9680471754841509,16.0,0.0,7.824243446286388e-14,-0.2815754062048695,True,True,True,500.0,0.0,2.0,5.0,data/doe.npz,13,4,40
doe_0014,doe,T005,565.685424949238,565.6854249492379,800.0,44.99999999999999,230.0,4.974750974828654,3.4782783596408513,0.17303568660348737,3.482579775032316,2.0961010704922954e-15,5.087526869029967,564.2949458490045,567.0781696144585,-1.390479100233506,1.3927446652205617,16.0,0.0,7.743837125054556e-14,-0.2815754062048695,True,True,True,500.0,0.0,2.0,5.0,data/doe.npz,14,4,40
doe_0015,doe,T006,707.1067811865476,-707.1067811865474,1000.0,-45.0,230.0,4.09373123743524,4.347847881335116,0.17798920687438194,4.351489630073153,-3.3573144264664732e-15,6.318940345409415,708.8477239255834,-705.3686481016862,1.7409427390358587,1.7381330848612606,20.0,0.0,7.882673887672694e-14,-0.2815754062048695,True,True,True,500.0,0.0,2.0,5.0,data/doe.npz,15,4,40
doe_0016,doe,T007,1000.0,0.0,1000.0,0.0,230.0,4.093534189901479,4.34784785155594,0.17798063832833932,4.351489249650459,4.547473508864641e-15,6.318959563949099,1000.0019799203651,2.4600601905291977,0.0019799203651018615,2.4600601905291977,20.0,0.0,7.916030147321105e-14,-0.2815754062048695,True,True,True,500.0,0.0,2.0,5.0,data/doe.npz,16,4,40
doe_0017,doe,T008,707.1067811865476,707.1067811865474,1000.0,45.0,230.0,4.093198111648362,4.347847944254288,0.1779660299515586,4.35148874461124,3.677058657558518e-15,6.318931095581875,705.3686790513996,708.8477135432747,-1.738102135147983,1.740932356727285,20.0,0.0,7.772499773834582e-14,-0.2815754062048695,True,True,True,500.0,0.0,2.0,5.0,data/doe.npz,17,4,40
doe_0018,doe,T000,424.26406871192853,-424.2640687119285,600.0,-45.0,230.0,6.142703142268636,2.6087087190383222,0.1602452324570029,2.613625785160534,5.684341886080802e-16,3.876958129215745,425.3086363288112,-423.22118369445593,1.0445676168826594,1.0428850174725426,12.0,0.0,7.85109068937284e-14,-0.2815754062048695,False,True,False,500.0,0.0,5.0,5.0,data/doe.npz,18,4,40
doe_0019,doe,T001,600.0,0.0,600.0,0.0,230.0,6.141648490755467,2.6087086889457374,0.1602177178228426,2.6136240682668843,5.861977570020827e-16,3.876969991405927,600.001182900533,1.4760338665907264,0.0011829005329673237,1.4760338665907264,12.0,0.0,7.776938450734919e-14,-0.2815754062048695,False,True,False,500.0,0.0,5.0,5.0,data/doe.npz,19,4,40
doe_0020,doe,T002,424.26406871192853,424.2640687119285,600.0,45.0,230.0,6.140457770192207,2.6087087763133963,0.160186660756822,2.613622251787863,1.3500311979441904e-15,3.8769142806440855,423.221212595416,425.3086261538492,-1.042856116512553,1.0445574419207446,12.0,0.0,7.741885359530381e-14,-0.2815754062048695,False,True,False,500.0,0.0,5.0,5.0,data/doe.npz,20,4,40
doe_0021,doe,T003,565.685424949238,-565.6854249492379,800.0,-44.99999999999999,230.0,4.829174277272945,3.4782782994311363,0.16797212092809524,3.4823318013885003,-1.7763568394002505e-17,5.111521761023083,567.0781799885567,-564.2949157910208,1.392755039318672,1.390509158217128,16.0,0.0,7.901468990914569e-14,-0.2815754062048695,True,True,True,500.0,0.0,5.0,5.0,data/doe.npz,21,4,40
doe_0022,doe,T004,800.0,0.0,800.0,0.0,230.0,4.8287493988246935,3.478278270345895,0.16795734106877735,3.4823310593180508,9.237055564881303e-16,5.111545245881639,800.0015814327413,1.9680468540087164,0.0015814327413181672,1.9680468540087164,16.0,0.0,7.865686931103281e-14,-0.2815754062048695,True,True,True,500.0,0.0,5.0,5.0,data/doe.npz,22,4,40
doe_0023,doe,T005,565.685424949238,565.6854249492379,800.0,44.99999999999999,230.0,4.828183527408509,3.4782783610399965,0.16793766286514777,3.482330200727989,2.415845301584341e-15,5.111500002555866,564.2949459308606,567.0781699869873,-1.3904790183773912,1.3927450377493642,16.0,0.0,7.795011400877397e-14,-0.2815754062048695,True,True,True,500.0,0.0,5.0,5.0,data/doe.npz,23,4,40
doe_0024,doe,T006,707.1067811865476,-707.1067811865474,1000.0,-45.0,230.0,3.969284340824926,4.347847879945665,0.1725784450615718,4.351271674545385,-3.552713678800501e-17,6.3435934020258395,708.8477235475533,-705.3686480285193,1.7409423610057502,1.7381331580281767,20.0,0.0,7.932907159622329e-14,-0.2815754062048695,True,True,True,500.0,0.0,5.0,5.0,data/doe.npz,24,4,40
doe_0025,doe,T007,1000.0,0.0,1000.0,0.0,230.0,3.9691010403425273,4.347847852488724,0.17257047434564016,4.351271330782229,1.8118839761882555e-15,6.3436173713598105,1000.0019801356912,2.4600598713243893,0.0019801356911557377,2.4600598713243893,20.0,0.0,7.942075917564834e-14,-0.2815754062048695,True,True,True,500.0,0.0,5.0,5.0,data/doe.npz,25,4,40
doe_0026,doe,T008,707.1067811865476,707.1067811865474,1000.0,45.0,230.0,3.9687752972098775,4.347847945643814,0.17255631522695883,4.351270862147389,3.197442310920451e-15,6.343580754751759,705.3686791246053,708.8477139212905,-1.7381020619422998,1.740932734743069,20.0,0.0,7.844006582174636e-14,-0.2815754062048695,True,True,True,500.0,0.0,5.0,5.0,data/doe.npz,26,4,40
doe_0027,doe,T000,424.26406871192853,-424.2640687119285,600.0,-45.0,230.0,5.362677452904065,2.6087087299587934,0.1398966348734402,2.6124571457562524,7.425171588693046e-15,3.770491375926746,425.30863568369153,-423.22118790362,1.044566971763004,1.042880808308496,12.0,0.0,7.798804955289423e-14,-0.2815754062048695,False,True,False,500.0,2.0,0.0,5.0,data/doe.npz,27,4,40
doe_0028,doe,T001,600.0,0.0,600.0,0.0,230.0,5.361426726338035,2.608708703907877,0.13986400566362348,2.6124553726166573,1.9895196601282807e-15,3.7704784373454485,600.0011863356463,1.4760363825018405,0.0011863356462527008,1.4760363825018405,12.0,0.0,7.731352041565306e-14,-0.2815754062048695,False,True,False,500.0,2.0,0.0,5.0,data/doe.npz,28,4,40
doe_0029,doe,T002,424.26406871192853,424.2640687119285,600.0,45.0,230.0,5.3600784287436944,2.6087087653950625,0.13982883580268668,2.6124535513107574,-1.2434497875801754e-16,3.7704878093403114,423.2212083870692,425.3086267988491,-1.042860324859305,1.044558086920631,12.0,0.0,7.704822139765536e-14,-0.2815754062048695,False,True,False,500.0,2.0,0.0,5.0,data/doe.npz,29,4,40
doe_0030,doe,T003,565.685424949238,-565.6854249492379,800.0,-44.99999999999999,230.0,4.283108774015499,3.4782783106284905,0.14897844350720696,3.4814673339438995,4.938272013532696e-15,5.000486951808145,567.078179336389,-564.2949200975515,1.3927543871509442,1.3905048516863872,16.0,0.0,7.85861512537939e-14,-0.2815754062048695,True,True,True,500.0,2.0,0.0,5.0,data/doe.npz,30,4,40
doe_0031,doe,T004,800.0,0.0,800.0,0.0,230.0,4.282595701670693,3.47827828562758,0.14896059635243178,3.4814665451638294,2.184918912462308e-15,5.000478851899362,800.0015849411903,1.968049434857961,0.0015849411903445798,1.968049434857961,16.0,0.0,7.803494666095066e-14,-0.2815754062048695,True,True,True,500.0,2.0,0.0,5.0,data/doe.npz,31,4,40
doe_0032,doe,T005,565.685424949238,565.6854249492379,800.0,44.99999999999999,230.0,4.281976757941617,3.4782783498435887,0.14893907051681768,3.481465688239272,1.7408297026122454e-15,5.000484714530154,564.294941624701,567.0781706390927,-1.3904833245370583,1.3927456898547916,16.0,0.0,7.70064744935463e-14,-0.2815754062048695,True,True,True,500.0,2.0,0.0,5.0,data/doe.npz,32,4,40
doe_0033,doe,T006,707.1067811865476,-707.1067811865474,1000.0,-45.0,230.0,3.5506056389541287,4.347847891292965,0.1543749324013962,4.350587728654181,4.5652370772586434e-15,6.230379084170209,708.8477228966865,-705.3686523826364,1.7409417101389408,1.7381288039110814,20.0,0.0,7.919977375786433e-14,-0.2815754062048695,True,True,True,500.0,2.0,0.0,5.0,data/doe.npz,33,4,40
doe_0034,doe,T007,1000.0,0.0,1000.0,0.0,230.0,3.5503775114881284,4.347847867911577,0.1543650129360487,4.350587353116716,2.5579538487363606e-15,6.230373806055374,1000.0019836765224,2.4600624873750228,0.0019836765223999464,2.4600624873750228,20.0,0.0,7.86811677732655e-14,-0.2815754062048695,True,True,True,500.0,2.0,0.0,5.0,data/doe.npz,34,4,40
doe_0035,doe,T008,707.1067811865476,707.1067811865474,1000.0,45.0,230.0,3.5500398848125605,4.347847934297094,0.15435033579854585,4.350586898528044,3.4283687000424833e-15,6.230376914039126,705.3686747706888,708.8477145721461,-1.7381064158587378,1.7409333855986233,20.0,0.0,7.79084701664376e-14,-0.2815754062048695,True,True,True,500.0,2.0,0.0,5.0,data/doe.npz,35,4,40
doe_0036,doe,T000,424.26406871192853,-424.2640687119285,600.0,-45.0,230.0,5.033904162159657,2.6087087290163202,0.13131989728857482,2.612011903210821,1.0036416142611416e-14,3.7965702012564813,425.30863549096176,-423.2211877899861,1.0445667790332323,1.0428809219423556,12.0,0.0,7.851764851659342e-14,-0.2815754062048695,False,True,False,500.0,2.0,2.0,5.0,data/doe.npz,36,4,40
doe_0037,doe,T001,600.0,0.0,600.0,0.0,230.0,5.032804450312245,2.608708704147449,0.1312912077580157,2.612010436109265,9.254819133275305e-15,3.7965789727575245,600.0011863912812,1.476036165774058,0.0011863912811804767,1.476036165774058,12.0,0.0,7.763904806286846e-14,-0.2815754062048695,False,True,False,500.0,2.0,2.0,5.0,data/doe.npz,37,4,40
doe_0038,doe,T002,424.26406871192853,424.2640687119285,600.0,45.0,230.0,5.031595428492034,2.608708766337842,0.1312596710297258,2.612008913193142,-2.7533531010703883e-15,3.796552070737538,423.22120850081626,425.3086269915657,-1.04286021111227,1.044558279637215,12.0,0.0,7.719208113943188e-14,-0.2815754062048695,False,True,False,500.0,2.0,2.0,5.0,data/doe.npz,38,4,40
doe_0039,doe,T003,565.685424949238,-565.6854249492379,800.0,-44.99999999999999,230.0,4.009219810789195,3.4782783097402192,0.1394518230684884,3.481072685769302,4.476419235288631e-15,5.0283366172183115,567.0781791439126,-564.294920001337,1.3927541946745805,1.3905049479009222,16.0,0.0,7.85777260044534e-14,-0.2815754062048695,True,True,True,500.0,2.0,2.0,5.0,data/doe.npz,39,4,40
doe_0040,doe,T004,800.0,0.0,800.0,0.0,230.0,4.008761270321532,3.4782782859205086,0.13943587279998498,3.4810720228941046,7.904787935331115e-15,5.028347752106906,800.0015850090667,1.9680492306275321,0.001585009066729981,1.9680492306275321,16.0,0.0,7.8510467186112e-14,-0.2815754062048695,True,True,True,500.0,2.0,2.0,5.0,data/doe.npz,40,4,40
doe_0041,doe,T005,565.685424949238,565.6854249492379,800.0,44.99999999999999,230.0,4.008187166242257,3.478278350732171,0.1394159064602297,3.48107128781481,-5.329070518200751e-17,5.028326942401399,564.2949417209851,567.078170831601,-1.390483228252947,1.3927458823631014,16.0,0.0,7.769659054396676e-14,-0.2815754062048695,True,True,True,500.0,2.0,2.0,5.0,data/doe.npz,41,4,40
doe_0042,doe,T006,707.1067811865476,-707.1067811865474,1000.0,-45.0,230.0,3.3208635706217846,4.3478478904546165,0.14438609670015512,4.3502447445723424,2.3625545964023332e-15,6.2590791596943784,708.8477227092433,-705.368652297642,1.7409415226957208,1.7381288889054076,20.0,0.0,7.856689397503187e-14,-0.2815754062048695,True,True,True,500.0,2.0,2.0,5.0,data/doe.npz,42,4,40
doe_0043,doe,T007,1000.0,0.0,1000.0,0.0,230.0,3.320659000604968,4.347847868223883,0.1443772015687876,4.350244426920746,6.323830348264892e-15,6.259091158823898,1000.001983748827,2.4600622946507564,0.0019837488270013637,2.4600622946507564,20.0,0.0,7.92016482314968e-14,-0.2815754062048695,True,True,True,500.0,2.0,2.0,5.0,data/doe.npz,43,4,40
doe_0044,doe,T008,707.1067811865476,707.1067811865474,1000.0,45.0,230.0,3.320336249927787,4.3478479351357056,0.1443631710820476,4.350244027972426,2.4336088699783433e-15,6.259073023911611,705.3686748557299,708.8477147596285,-1.7381063308176863,1.7409335730810653,20.0,0.0,7.783368718758963e-14,-0.2815754062048695,True,True,True,500.0,2.0,2.0,5.0,data/doe.npz,44,4,40
doe_0045,doe,T000,424.26406871192853,-424.2640687119285,600.0,-45.0,230.0,4.828816093307831,2.608708728134902,0.12596974689170418,2.61174838815602,8.72191208145523e-15,3.820437897486635,425.3086352926733,-423.2211877018466,1.0445665807447426,1.042881010081885,12.0,0.0,7.869881196023734e-14,-0.2815754062048695,True,True,True,500.0,2.0,5.0,5.0,data/doe.npz,45,4,40
doe_0046,doe,T001,600.0,0.0,600.0,0.0,230.0,4.8278052447829705,2.6087087044826283,0.1259433756561222,2.611747092678677,3.659295089164516e-15,3.8204503359642654,600.0011864688712,1.4760359631373499,0.0011864688711966664,1.4760359631373499,12.0,0.0,7.786664440046902e-14,-0.2815754062048695,True,True,True,500.0,2.0,5.0,5.0,data/doe.npz,46,4,40
doe_0047,doe,T002,424.26406871192853,424.2640687119285,600.0,45.0,230.0,4.826677818740733,2.608708767219304,0.12591396742291897,2.6117457373402226,-6.750155989720952e-16,3.8204080273664243,423.2212085890416,425.3086271897832,-1.042860122886907,1.0445584778547072,12.0,0.0,7.75735401817609e-14,-0.2815754062048695,True,True,True,500.0,2.0,5.0,5.0,data/doe.npz,47,4,40
doe_0048,doe,T003,565.685424949238,-565.6854249492379,800.0,-44.99999999999999,230.0,3.839394575168105,3.4782783088720506,0.1335448287000824,3.4808410575099566,6.021849685566849e-15,5.053493752150586,567.0781789395385,-564.2949199236333,1.3927539903004345,1.3905050256046252,16.0,0.0,7.902012913685227e-14,-0.2815754062048695,True,True,True,500.0,2.0,5.0,5.0,data/doe.npz,48,4,40
doe_0049,doe,T004,800.0,0.0,800.0,0.0,230.0,3.83896714730412,3.4782782863069337,0.1335299607031359,3.4808404644216955,3.588240815588506e-15,5.053509071939473,800.0015850984356,1.9680490310762946,0.0015850984356120534,1.9680490310762946,16.0,0.0,7.875348655246803e-14,-0.2815754062048695,True,True,True,500.0,2.0,5.0,5.0,data/doe.npz,49,4,40
doe_0050,doe,T005,565.685424949238,565.6854249492379,800.0,44.99999999999999,230.0,3.8384181502545056,3.47827835160043,0.13351086756420413,3.4808397971369454,1.2256862191861727e-15,5.053478096877969,564.2949417987352,567.0781710359581,-1.3904831505028596,1.3927460867201944,16.0,0.0,7.810666735139564e-14,-0.2815754062048695,True,True,True,500.0,2.0,5.0,5.0,data/doe.npz,50,4,40
doe_0051,doe,T006,707.1067811865476,-707.1067811865474,1000.0,-45.0,230.0,3.1788899125027283,4.347847889602624,0.13821329797354057,4.350044245478906,4.067857162226574e-15,6.284831365767215,708.8477225040598,-705.368652226026,1.7409413175122381,1.7381289605214079,20.0,0.0,7.926630224265694e-14,-0.2815754062048695,True,True,True,500.0,2.0,5.0,5.0,data/doe.npz,51,4,40
doe_0052,doe,T007,1000.0,0.0,1000.0,0.0,230.0,3.1786982767611764,4.347847868631774,0.13820496527639575,4.3500439595561335,3.481659405224491e-15,6.284851220510239,1000.001983843124,2.4600620988440376,0.0019838431239804777,2.4600620988440376,20.0,0.0,7.957827820823854e-14,-0.2815754062048695,True,True,True,500.0,2.0,5.0,5.0,data/doe.npz,52,4,40
doe_0053,doe,T008,707.1067811865476,707.1067811865474,1000.0,45.0,230.0,3.1783830784785008,4.347847935987797,0.1381912630754129,4.3500435913633035,2.966515921798418e-15,6.284822152299234,705.3686749273762,708.8477149648136,-1.7381062591713317,1.7409337782661396,20.0,0.0,7.872081885775075e-14,-0.2815754062048695,True,True,True,500.0,2.0,5.0,5.0,data/doe.npz,53,4,40
doe_0054,doe,T000,424.26406871192853,-424.2640687119285,600.0,-45.0,230.0,4.601040769139564,2.608708735004662,0.12002775244566949,2.6114685453300233,5.506706202140776e-16,3.7244321359135473,425.3086344102984,-423.2211908286117,1.0445656983698655,1.0428778833167485,12.0,0.0,7.835332273425413e-14,-0.2815754062048695,True,True,True,500.0,5.0,0.0,5.0,data/doe.npz,54,4,40
doe_0055,doe,T001,600.0,0.0,600.0,0.0,230.0,4.5997714162209835,2.6087087168320777,0.11999463788930712,2.611467005335469,6.394884621840901e-16,3.7244195093988592,600.0011893053572,1.4760375468020563,0.0011893053572293866,1.4760375468020563,12.0,0.0,7.761845133632359e-14,-0.2815754062048695,True,True,True,500.0,5.0,0.0,5.0,data/doe.npz,55,4,40
doe_0056,doe,T002,424.26406871192853,424.2640687119285,600.0,45.0,230.0,4.598434533392677,2.60870876034997,0.11995976451157304,2.6114654465937592,1.5987211554602255e-15,3.7244377044698114,423.2212054627135,425.30862807186134,-1.0428632492150314,1.0445593599328618,12.0,0.0,7.712536733666972e-14,-0.2815754062048695,True,True,True,500.0,5.0,0.0,5.0,data/doe.npz,56,4,40
doe_0057,doe,T003,565.685424949238,-565.6854249492379,800.0,-44.99999999999999,230.0,3.7160694420155163,3.4782783158030477,0.12925523760180901,3.4806791290561794,2.6645352591003756e-16,4.953321525553014,567.0781780253994,-564.2949231022872,1.392753076161398,1.3905018469507695,16.0,0.0,7.87134329957317e-14,-0.2815754062048695,True,True,True,500.0,5.0,0.0,5.0,data/doe.npz,57,4,40
doe_0058,doe,T004,800.0,0.0,800.0,0.0,230.0,3.7155337086800215,3.47827829891236,0.12923660267779077,3.4806784200727363,1.2434497875801752e-15,4.953312577983631,800.0015879937596,1.9680506297872025,0.0015879937595855154,1.9680506297872025,16.0,0.0,7.859931646565839e-14,-0.2815754062048695,True,True,True,500.0,5.0,0.0,5.0,data/doe.npz,58,4,40
doe_0059,doe,T005,565.685424949238,565.6854249492379,800.0,44.99999999999999,230.0,3.7149205113788852,3.4782783446695236,0.12921527566897809,3.480677673860172,2.930988785010413e-15,4.953323665558767,564.294938620276,567.0781719499332,-1.3904863289620835,1.3927470006952944,16.0,0.0,7.733590027271816e-14,-0.2815754062048695,True,True,True,500.0,5.0,0.0,5.0,data/doe.npz,59,4,40
doe_0060,doe,T006,707.1067811865476,-707.1067811865474,1000.0,-45.0,230.0,3.100690233403809,4.347847896565365,0.1348132950920552,4.34993754934865,6.394884621840901e-16,6.18261170601933,708.8477215749475,-705.3686554300776,1.740940388399963,1.738125756469799,20.0,0.0,7.884815564303644e-14,-0.2815754062048695,True,True,True,500.0,5.0,0.0,5.0,data/doe.npz,60,4,40
doe_0061,doe,T007,1000.0,0.0,1000.0,0.0,230.0,3.100443459922386,4.347847881360476,0.13480256528501489,4.349937201415277,1.5631940186722204e-15,6.182605637312756,1000.0019867667819,2.460063705415889,0.0019867667818971313,2.460063705415889,20.0,0.0,7.891047225157402e-14,-0.2815754062048695,True,True,True,500.0,5.0,0.0,5.0,data/doe.npz,61,4,40
doe_0062,doe,T008,707.1067811865476,707.1067811865474,1000.0,45.0,230.0,3.1001144137683285,4.347847929025126,0.1347882603364357,4.3499368055777055,3.0553337637684308e-15,6.182612185476277,705.3686717234301,708.8477158938432,-1.7381094631174392,1.7409347072957644,20.0,0.0,7.793528068182502e-14,-0.2815754062048695,True,True,True,500.0,5.0,0.0,5.0,data/doe.npz,62,4,40
doe_0063,doe,T000,424.26406871192853,-424.2640687119285,600.0,-45.0,230.0,4.187926928369201,2.6087087344264286,0.10925081557176379,2.610995412257562,-1.5276668818842154e-15,3.751984898455517,425.3086343020575,-423.2211907488406,1.0445655901289683,1.0428779630878466,12.0,0.0,7.888422582381368e-14,-0.2815754062048695,True,True,True,500.0,5.0,2.0,5.0,data/doe.npz,63,4,40
doe_0064,doe,T001,600.0,0.0,600.0,0.0,230.0,4.186798143063403,2.608708716917381,0.10922136811783005,2.6109941627198845,5.080380560684716e-15,3.7519938723321222,600.0011893253043,1.4760374138042995,0.0011893253042671859,1.4760374138042995,12.0,0.0,7.754837748532739e-14,-0.2815754062048695,True,True,True,500.0,5.0,2.0,5.0,data/doe.npz,64,4,40
doe_0065,doe,T002,424.26406871192853,424.2640687119285,600.0,45.0,230.0,4.185588260854435,2.6087087609284643,0.10918980765730299,2.6109928866170744,6.217248937900876e-16,3.7519754334439526,423.22120554256884,425.308628180103,-1.0428631693596913,1.0445594681745547,12.0,0.0,7.728428217657761e-14,-0.2815754062048695,True,True,True,500.0,5.0,2.0,5.0,data/doe.npz,65,4,40
doe_0066,doe,T003,565.685424949238,-565.6854249492379,800.0,-44.99999999999999,230.0,3.3816118274354205,3.4782783152675285,0.11762187090020823,3.4802665423661687,-1.936228954946273e-15,4.982715178757439,567.0781779185289,-564.2949230350666,1.392752969290882,1.3905019141712955,16.0,0.0,7.917221971813356e-14,-0.2815754062048695,True,True,True,500.0,5.0,2.0,5.0,data/doe.npz,66,4,40
doe_0067,doe,T004,800.0,0.0,800.0,0.0,230.0,3.381125662670592,3.4782782990324326,0.11760496018768773,3.480265954499622,4.813927034774679e-15,4.982725207594205,800.0015880216794,1.9680505066333802,0.0015880216793675572,1.9680505066333802,16.0,0.0,7.857639114154774e-14,-0.2815754062048695,True,True,True,500.0,5.0,2.0,5.0,data/doe.npz,67,4,40
doe_0068,doe,T005,565.685424949238,565.6854249492379,800.0,44.99999999999999,230.0,3.3805509586602938,3.4782783452052777,0.11758497194371041,3.4802653251160574,2.0961010704922954e-15,4.9827095791915985,564.2949386875478,567.0781720568287,-1.3904862616902847,1.3927471075908215,16.0,0.0,7.774939469013608e-14,-0.2815754062048695,True,True,True,500.0,5.0,2.0,5.0,data/doe.npz,68,4,40
doe_0069,doe,T006,707.1067811865476,-707.1067811865474,1000.0,-45.0,230.0,2.823924085477632,4.3478478960660425,0.12277992393694145,4.349581244822627,-2.806643806252396e-15,6.212950036250634,708.8477214718445,-705.3686553708744,1.7409402852969151,1.7381258156730155,20.0,0.0,7.876528402563872e-14,-0.2815754062048695,True,True,True,500.0,5.0,2.0,5.0,data/doe.npz,69,4,40
doe_0070,doe,T007,1000.0,0.0,1000.0,0.0,230.0,2.8236987210954996,4.347847881493853,0.12277012502491969,4.349580953444332,4.547473508864641e-15,6.212960512291876,1000.0019867977412,2.4600635906033284,0.0019867977412104665,2.4600635906033284,20.0,0.0,7.924499909831927e-14,-0.2815754062048695,True,True,True,500.0,5.0,2.0,5.0,data/doe.npz,70,4,40
doe_0071,doe,T008,707.1067811865476,707.1067811865474,1000.0,45.0,230.0,2.8233812210426277,4.347847929524638,0.12275632196168934,4.349580611669181,3.481659405224491e-15,6.212946060549223,705.3686717826675,708.8477159969746,-1.738109403880003,1.7409348104271203,20.0,0.0,7.803150120950179e-14,-0.2815754062048695,True,True,True,500.0,5.0,2.0,5.0,data/doe.npz,71,4,40
doe_0072,doe,T000,424.26406871192853,-424.2640687119285,600.0,-45.0,230.0,3.934293871825462,2.6087087339146233,0.1026342678521786,2.6107269288164567,4.796163466380677e-16,3.7766753071137646,425.30863419823885,-423.22119068628587,1.0445654863103186,1.042878025642608,12.0,0.0,7.913805703205541e-14,-0.2815754062048695,True,True,True,500.0,5.0,5.0,5.0,data/doe.npz,72,4,40
doe_0073,doe,T001,600.0,0.0,600.0,0.0,230.0,3.9332427994979255,2.6087087170422305,0.10260684777293824,2.610725834090236,9.237055564881303e-16,3.7766865548568673,600.0011893543092,1.4760372961138248,0.0011893543091900938,1.4760372961138248,12.0,0.0,7.814756375473366e-14,-0.2815754062048695,True,True,True,500.0,5.0,5.0,5.0,data/doe.npz,73,4,40
doe_0074,doe,T002,424.26406871192853,424.2640687119285,600.0,45.0,230.0,3.9321017134252325,2.608708761440362,0.10257708190687063,2.610724708708826,1.6342482922482305e-15,3.7766542439862016,423.22120560518437,425.30862828389104,-1.0428631067441643,1.0445595719625658,12.0,0.0,7.793751702434995e-14,-0.2815754062048695,True,True,True,500.0,5.0,5.0,5.0,data/doe.npz,74,4,40
doe_0075,doe,T003,565.685424949238,-565.6854249492379,800.0,-44.99999999999999,230.0,3.1780303363092526,3.4782783147714835,0.11054074002470397,3.480034421544937,3.907985046680551e-16,5.008725237528168,567.0781778124184,-564.2949229799543,1.3927528631803625,1.390501969283605,16.0,0.0,7.915879110466567e-14,-0.2815754062048695,True,True,True,500.0,5.0,5.0,5.0,data/doe.npz,75,4,40
doe_0076,doe,T004,800.0,0.0,800.0,0.0,230.0,3.177570616526902,3.478278299187501,0.11052474919601371,3.4800338979073477,1.2434497875801752e-15,5.0087416127945135,800.0015880576257,1.9680503925887132,0.001588057625667716,1.9680503925887132,16.0,0.0,7.916882430545424e-14,-0.2815754062048695,True,True,True,500.0,5.0,5.0,5.0,data/doe.npz,76,4,40
doe_0077,doe,T005,565.685424949238,565.6854249492379,800.0,44.99999999999999,230.0,3.1770150001870903,3.478278345701417,0.1105054247911934,3.480033330561903,2.149391775674303e-15,5.0087139868194805,564.2949387426934,567.0781721629371,-1.390486206544665,1.392747213699181,16.0,0.0,7.851418074001079e-14,-0.2815754062048695,True,True,True,500.0,5.0,5.0,5.0,data/doe.npz,77,4,40
doe_0078,doe,T006,707.1067811865476,-707.1067811865474,1000.0,-45.0,230.0,2.656268374610687,4.347847895584484,0.11549050862658693,4.349381586921269,2.1316282072803005e-16,6.239687571572737,708.8477213660772,-705.3686553201401,1.7409401795296162,1.7381258664073584,20.0,0.0,7.965268178132608e-14,-0.2815754062048695,True,True,True,500.0,5.0,5.0,5.0,data/doe.npz,78,4,40
doe_0079,doe,T007,1000.0,0.0,1000.0,0.0,230.0,2.6560541012664007,4.3478478816614885,0.1154811919776943,4.349381325397673,1.8829382497642656e-15,6.2397038980402,1000.0019868365698,2.4600634799015757,0.001986836569813022,2.4600634799015757,20.0,0.0,7.97086763408532e-14,-0.2815754062048695,True,True,True,500.0,5.0,5.0,5.0,data/doe.npz,79,4,40
doe_0080,doe,T008,707.1067811865476,707.1067811865474,1000.0,45.0,230.0,2.6557411047995085,4.3478479300062824,0.1154675846513514,4.349381012241431,3.0908609005564358e-15,6.239680491794832,705.3686718334241,708.8477161027472,-1.738109353123491,1.7409349161997625,20.0,0.0,7.893578053802527e-14,-0.2815754062048695,True,True,True,500.0,5.0,5.0,5.0,data/doe.npz,80,4,40
doe_0081,doe,T000,424.26406871192853,-424.2640687119285,600.0,-45.0,230.0,5.317928752448903,2.608708728090444,0.1387292715187658,2.61239488935951,4.440892098500626e-16,3.7987086933778733,425.30863607708966,-423.22118689906455,1.0445673651611287,1.042881812863925,12.0,0.0,7.518449278562663e-14,-0.2815754062048695,False,True,False,650.0,0.0,0.0,5.0,data/doe.npz,81,4,40
doe_0082,doe,T001,600.0,0.0,600.0,0.0,230.0,5.316951823168451,2.6087086996033366,0.1387037847647136,2.6123935075542297,1.1368683772161603e-15,3.7987012618307303,600.001185346659,1.4760359515624961,0.0011853466589855088,1.4760359515624961,12.0,0.0,7.427253214741744e-14,-0.2815754062048695,False,True,False,650.0,0.0,0.0,5.0,data/doe.npz,82,4,40
doe_0083,doe,T002,424.26406871192853,424.2640687119285,600.0,45.0,230.0,5.315854458254875,2.6087087672628897,0.1386751613074301,2.612392055499737,1.9895196601282807e-15,3.7986971212398033,423.2212093915082,425.30862640539743,-1.042859320420348,1.0445576934689598,12.0,0.0,7.440339843102722e-14,-0.2815754062048695,False,True,False,650.0,0.0,0.0,5.0,data/doe.npz,83,4,40
doe_0084,doe,T003,565.685424949238,-565.6854249492379,800.0,-44.99999999999999,230.0,4.192931594765732,3.4782783087098976,0.14584183015978044,3.481334513419158,1.2434497875801754e-16,5.0297164302269515,567.0781797234006,-564.2949190830315,1.3927547741625403,1.3905058662064675,16.0,0.0,7.547266704788908e-14,-0.2815754062048695,True,True,True,650.0,0.0,0.0,5.0,data/doe.npz,84,4,40
doe_0085,doe,T004,800.0,0.0,800.0,0.0,230.0,4.192551103064147,3.478278281312334,0.14582859445080093,3.481333931487711,1.3677947663381929e-15,5.029713794810026,800.0015839497704,1.968048992013296,0.0015839497704064343,1.968048992013296,16.0,0.0,7.488421697629531e-14,-0.2815754062048695,True,True,True,650.0,0.0,0.0,5.0,data/doe.npz,85,4,40
doe_0086,doe,T005,565.685424949238,565.6854249492379,800.0,44.99999999999999,230.0,4.192043976727266,3.478278351762154,0.14581095813885384,3.48133326305736,2.3447910280083307e-15,5.02971039877573,564.2949426392104,567.0781702520832,-1.3904823100276644,1.392745302845242,16.0,0.0,7.477711110080864e-14,-0.2815754062048695,True,True,True,650.0,0.0,0.0,5.0,data/doe.npz,86,4,40
doe_0087,doe,T006,707.1067811865476,-707.1067811865474,1000.0,-45.0,230.0,3.450364162044172,4.347847889385567,0.15001658539555354,4.3504352386348275,5.151434834260726e-16,6.260084492431896,708.8477232863734,-705.3686513690776,1.7409420998258156,1.7381298174698259,20.0,0.0,7.522557132441849e-14,-0.2815754062048695,True,True,True,650.0,0.0,0.0,5.0,data/doe.npz,87,4,40
doe_0088,doe,T007,1000.0,0.0,1000.0,0.0,230.0,3.450205136990183,4.347847863591443,0.15000967033814988,4.35043497424838,2.1316282072803005e-15,6.260084657528017,1000.0019826839718,2.4600620469031513,0.0019826839718461997,2.4600620469031513,20.0,0.0,7.542357144414895e-14,-0.2815754062048695,True,True,True,650.0,0.0,0.0,5.0,data/doe.npz,88,4,40
doe_0089,doe,T008,707.1067811865476,707.1067811865474,1000.0,45.0,230.0,3.4499172739303594,4.347847936204688,0.14999715699535016,4.350434615205616,2.930988785010413e-15,6.260080527590733,705.3686757842702,708.8477141825003,-1.7381054022773696,1.7409329959529032,20.0,0.0,7.497917094743776e-14,-0.2815754062048695,True,True,True,650.0,0.0,0.0,5.0,data/doe.npz,89,4,40
doe_0090,doe,T000,424.26406871192853,-424.2640687119285,600.0,-45.0,230.0,5.125368754020119,2.6087087272649456,0.13370594199063346,2.6121329451883266,-3.2507330161024585e-15,3.817308009772001,425.3086358991345,-423.2211868087254,1.0445671872059847,1.0428819032030674,12.0,0.0,7.500220489058822e-14,-0.2815754062048695,False,True,False,650.0,0.0,2.0,5.0,data/doe.npz,90,4,40
doe_0091,doe,T001,600.0,0.0,600.0,0.0,230.0,5.124485626160354,2.608708699869524,0.1336829023532084,2.6121317385813607,4.316547119742609e-15,3.8173116149018855,600.0011854083493,1.4760357617631044,0.001185408349329009,1.4760357617631044,12.0,0.0,7.454010125602003e-14,-0.2815754062048695,False,True,False,650.0,0.0,2.0,5.0,data/doe.npz,91,4,40
doe_0092,doe,T002,424.26406871192853,424.2640687119285,600.0,45.0,230.0,5.123474668667958,2.608708768088526,0.1336565329123356,2.612130457287253,4.583000645652646e-15,3.817287210014858,423.22120948193066,425.30862658331444,-1.0428592299978732,1.0445578713859618,12.0,0.0,7.437481134345501e-14,-0.2815754062048695,False,True,False,650.0,0.0,2.0,5.0,data/doe.npz,92,4,40
doe_0093,doe,T003,565.685424949238,-565.6854249492379,800.0,-44.99999999999999,230.0,4.031664419569233,3.4782783079130803,0.14023250895372644,3.4811040371921136,-3.2507330161024585e-15,5.049376387951411,567.0781795427029,-564.2949190048002,1.3927545934648151,1.3905059444376775,16.0,0.0,7.551214790414892e-14,-0.2815754062048695,True,True,True,650.0,0.0,2.0,5.0,data/doe.npz,93,4,40
doe_0094,doe,T004,800.0,0.0,800.0,0.0,230.0,4.031316914982798,3.4782782816246436,0.14022042071730725,3.4811035238742316,4.245492846166599e-15,5.0493837532659525,800.0015840220526,1.9680488088409405,0.0015840220526115445,1.9680488088409405,16.0,0.0,7.519506722543357e-14,-0.2815754062048695,True,True,True,650.0,0.0,2.0,5.0,data/doe.npz,94,4,40
doe_0095,doe,T005,565.685424949238,565.6854249492379,800.0,44.99999999999999,230.0,4.030836622048951,3.478278352559137,0.1402037176517546,3.481102921879689,6.0751403907488565e-15,5.049365726766598,564.2949427174867,567.0781704327894,-1.3904822317513208,1.3927454835514936,16.0,0.0,7.485033668198272e-14,-0.2815754062048695,True,True,True,650.0,0.0,2.0,5.0,data/doe.npz,95,4,40
doe_0096,doe,T006,707.1067811865476,-707.1067811865474,1000.0,-45.0,230.0,3.3148856906031634,4.347847888616524,0.14412618750894093,4.3502361043020645,-4.245492846166599e-15,6.280257643373643,708.847723107478,-705.368651298092,1.7409419209304815,1.7381298884554326,20.0,0.0,7.560377122100765e-14,-0.2815754062048695,True,True,True,650.0,0.0,2.0,5.0,data/doe.npz,96,4,40
doe_0097,doe,T007,1000.0,0.0,1000.0,0.0,230.0,3.314740684349356,4.347847863920754,0.14411988203899564,4.350235870553672,4.7606363295926715e-15,6.28026657469577,1000.001982760149,2.4600618701403385,0.0019827601489623703,2.4600618701403385,20.0,0.0,7.557137176245687e-14,-0.2815754062048695,True,True,True,650.0,0.0,2.0,5.0,data/doe.npz,97,4,40
doe_0098,doe,T008,707.1067811865476,707.1067811865474,1000.0,45.0,230.0,3.314461279255058,4.347847936973872,0.1441077363518888,4.350235541049432,7.22977233635902e-15,6.280251004565169,705.3686758552832,708.847714361414,-1.7381053312643644,1.7409331748665409,20.0,0.0,7.494526218936965e-14,-0.2815754062048695,True,True,True,650.0,0.0,2.0,5.0,data/doe.npz,98,4,40
doe_0099,doe,T000,424.26406871192853,-424.2640687119285,600.0,-45.0,230.0,4.98734297773651,2.6087087263458724,0.1301052514730104,2.6119511132795616,3.552713678800501e-17,3.8346737343635513,425.30863568364833,-423.22118672559026,1.044566971719803,1.042881986338216,12.0,0.0,7.538144740687521e-14,-0.2815754062048695,True,True,True,650.0,0.0,5.0,5.0,data/doe.npz,99,4,40
doe_0100,doe,T001,600.0,0.0,600.0,0.0,230.0,4.986523606666423,2.6087087002728557,0.13008387516826678,2.6119500225060253,8.881784197001252e-16,3.834678422928287,600.0011855016356,1.4760355504983802,0.0011855016356321357,1.4760355504983802,12.0,0.0,7.46441231694994e-14,-0.2815754062048695,True,True,True,650.0,0.0,5.0,5.0,data/doe.npz,100,4,40
doe_0101,doe,T002,424.26406871192853,424.2640687119285,600.0,45.0,230.0,4.98557147792894,2.6087087690075603,0.1300590403298721,2.6119488543825313,1.7408297026122454e-15,3.834645021269653,423.22120956513044,425.3086267987237,-1.0428591467980937,1.0445580867952344,12.0,0.0,7.478122731377036e-14,-0.2815754062048695,True,True,True,650.0,0.0,5.0,5.0,data/doe.npz,101,4,40
doe_0102,doe,T003,565.685424949238,-565.6854249492379,800.0,-44.99999999999999,230.0,3.9166650228502973,3.4782783069931047,0.1362325098473884,3.480945196888286,3.1974423109204507e-16,5.06764923736675,567.0781793192417,-564.2949189293853,1.3927543700036722,1.390506019852637,16.0,0.0,7.567138091422489e-14,-0.2815754062048695,True,True,True,650.0,0.0,5.0,5.0,data/doe.npz,102,4,40
doe_0103,doe,T004,800.0,0.0,800.0,0.0,230.0,3.916339080274155,3.4782782820766247,0.13622117168165537,3.480944728157436,1.2789769243681803e-15,5.0676629136164575,800.0015841265284,1.9680485974064876,0.001584126528427987,1.9680485974064876,16.0,0.0,7.534807729604408e-14,-0.2815754062048695,True,True,True,650.0,0.0,5.0,5.0,data/doe.npz,103,4,40
doe_0104,doe,T005,565.685424949238,565.6854249492379,800.0,44.99999999999999,230.0,3.9158762977236963,3.4782783534791406,0.13620507761274372,3.4809441696187715,3.1086244689504383e-15,5.067634818816904,564.2949427929351,567.0781706562266,-1.3904821563029373,1.3927457069886486,16.0,0.0,7.53153754841203e-14,-0.2815754062048695,True,True,True,650.0,0.0,5.0,5.0,data/doe.npz,104,4,40
doe_0105,doe,T006,707.1067811865476,-707.1067811865474,1000.0,-45.0,230.0,3.2185551712385303,4.347847887702299,0.13993788302722757,4.350099358775204,2.1316282072803005e-16,6.29900959064557,708.8477228817059,-705.3686512268742,1.7409416951583125,1.7381299596731878,20.0,0.0,7.592207276621455e-14,-0.2815754062048695,True,True,True,650.0,0.0,5.0,5.0,data/doe.npz,105,4,40
doe_0106,doe,T007,1000.0,0.0,1000.0,0.0,230.0,3.2184187808735762,4.347847864392975,0.1399319522314342,4.350099144522453,1.5631940186722204e-15,6.299024143079062,1000.0019828692768,2.4600616600530416,0.0019828692768442124,2.4600616600530416,20.0,0.0,7.571514466705849e-14,-0.2815754062048695,True,True,True,650.0,0.0,5.0,5.0,data/doe.npz,106,4,40
doe_0107,doe,T008,707.1067811865476,707.1067811865474,1000.0,45.0,230.0,3.2181443551092572,4.347847937888147,0.13992002298188166,4.3500988340985876,3.2862601528904635e-15,6.299000894516845,705.3686759265223,708.8477145871815,-1.738105260025236,1.7409334006340487,20.0,0.0,7.542320965603266e-14,-0.2815754062048695,True,True,True,650.0,0.0,5.0,5.0,data/doe.npz,107,4,40
doe_0108,doe,T000,424.26406871192853,-424.2640687119285,600.0,-45.0,230.0,4.514296620789899,2.6087087326588247,0.11776485016466834,2.61136551154263,1.4015455462867976e-14,3.759319980533704,425.30863500065624,-423.2211894704295,1.044566288727708,1.0428792414989516,12.0,0.0,7.518916545528491e-14,-0.2815754062048695,True,True,True,650.0,2.0,0.0,5.0,data/doe.npz,108,4,40
doe_0109,doe,T001,600.0,0.0,600.0,0.0,230.0,4.51333407002987,2.608708710833357,0.11773973903387891,2.6113643573893444,-6.394884621840901e-16,3.7593116749918316,600.0011879269789,1.4760370055265148,0.0011879269789005775,1.4760370055265148,12.0,0.0,7.41989470255424e-14,-0.2815754062048695,True,True,True,650.0,2.0,0.0,5.0,data/doe.npz,109,4,40
doe_0110,doe,T002,424.26406871192853,424.2640687119285,600.0,45.0,230.0,4.512270657839433,2.6087087626954006,0.11771200004759066,2.611363158634288,3.002043058586423e-15,3.7593161322937707,423.2212068207133,425.3086274815529,-1.0428618912152388,1.044558769624416,12.0,0.0,7.444402810731827e-14,-0.2815754062048695,True,True,True,650.0,2.0,0.0,5.0,data/doe.npz,110,4,40
doe_0111,doe,T003,565.685424949238,-565.6854249492379,800.0,-44.99999999999999,230.0,3.5890671283452633,3.478278313408265,0.12483774357889808,3.4805178738946103,1.1652900866465642e-14,4.989412640176943,567.078178619733,-564.2949217241501,1.3927536704949262,1.3905032250878548,16.0,0.0,7.576165650652787e-14,-0.2815754062048695,True,True,True,650.0,2.0,0.0,5.0,data/doe.npz,111,4,40
doe_0112,doe,T004,800.0,0.0,800.0,0.0,230.0,3.588677959252213,3.47827829284037,0.1248242064566165,3.4805173677093273,3.1974423109204507e-16,4.989408219388741,800.0015865985581,1.9680500767816218,0.001586598558105834,1.9680500767816218,16.0,0.0,7.505624888830181e-14,-0.2815754062048695,True,True,True,650.0,2.0,0.0,5.0,data/doe.npz,112,4,40
doe_0113,doe,T005,565.685424949238,565.6854249492379,800.0,44.99999999999999,230.0,3.5881813534263625,3.478278347064262,0.12480693506962656,3.480516802418138,4.121147867408581e-15,4.989410175069439,564.2949399983584,567.0781713556399,-1.3904849508796815,1.3927464064020114,16.0,0.0,7.473738174094752e-14,-0.2815754062048695,True,True,True,650.0,2.0,0.0,5.0,data/doe.npz,113,4,40
doe_0114,doe,T006,707.1067811865476,-707.1067811865474,1000.0,-45.0,230.0,2.9688118915032,4.347847894167036,0.12907942530650243,4.349763599056058,1.049826892085548e-14,6.219335985535477,708.8477221742598,-705.3686540457811,1.7409409877122926,1.7381271407663235,20.0,0.0,7.555642405855912e-14,-0.2815754062048695,True,True,True,650.0,2.0,0.0,5.0,data/doe.npz,114,4,40
doe_0115,doe,T007,1000.0,0.0,1000.0,0.0,230.0,2.9686421825164824,4.347847875254579,0.12907204605645403,4.349763361009352,7.815970093361102e-16,6.219334182203725,1000.0019853637845,2.460063151318402,0.00198536378445624,2.460063151318402,20.0,0.0,7.538615545275101e-14,-0.2815754062048695,True,True,True,650.0,2.0,0.0,5.0,data/doe.npz,115,4,40
doe_0116,doe,T008,707.1067811865476,707.1067811865474,1000.0,45.0,230.0,2.968362331197162,4.3478479314235585,0.12905988021411194,4.34976305600933,5.950795411990839e-15,6.21933390741069,705.3686731077173,708.8477152945745,-1.738108078830237,1.7409341080270906,20.0,0.0,7.482806555497981e-14,-0.2815754062048695,True,True,True,650.0,2.0,0.0,5.0,data/doe.npz,116,4,40
doe_0117,doe,T000,424.26406871192853,-424.2640687119285,600.0,-45.0,230.0,4.279840321530835,2.6087087321020843,0.11164856818780082,2.6110968340858833,1.5312195955630158e-14,3.7785037504678636,425.3086348886646,-423.2211894014359,1.0445661767360548,1.0428793104925944,12.0,0.0,7.514090216813199e-14,-0.2815754062048695,True,True,True,650.0,2.0,2.0,5.0,data/doe.npz,117,4,40
doe_0118,doe,T001,600.0,0.0,600.0,0.0,230.0,4.278967729125586,2.608708710963438,0.11162580388901358,2.6110958396442285,2.806643806252396e-15,3.778506099757568,600.0011879572127,1.476036877501353,0.0011879572126645144,1.476036877501353,12.0,0.0,7.498718166534861e-14,-0.2815754062048695,True,True,True,650.0,2.0,2.0,5.0,data/doe.npz,118,4,40
doe_0119,doe,T002,424.26406871192853,424.2640687119285,600.0,45.0,230.0,4.277985085309245,2.608708763252305,0.11160017181108887,2.6110947961900726,4.174438572590589e-15,3.7784906539415966,423.221206889768,425.3086275935368,-1.0428618221605461,1.0445588816083387,12.0,0.0,7.445621894761867e-14,-0.2815754062048695,True,True,True,650.0,2.0,2.0,5.0,data/doe.npz,119,4,40
doe_0120,doe,T003,565.685424949238,-565.6854249492379,800.0,-44.99999999999999,230.0,3.397529774941119,3.4782783128794765,0.11817554133539983,3.4802852866103304,1.0196288258157438e-14,5.00966533085787,567.0781785074189,-564.2949216645949,1.392753558180857,1.3905032846430458,16.0,0.0,7.573957254029464e-14,-0.2815754062048695,True,True,True,650.0,2.0,2.0,5.0,data/doe.npz,120,4,40
doe_0121,doe,T004,800.0,0.0,800.0,0.0,230.0,3.3971719105150413,3.4782782930007894,0.11816309313936489,3.4802848439608987,2.966515921798418e-15,5.009670498506049,800.0015866357536,1.9680499552041502,0.0015866357535969655,1.9680499552041502,16.0,0.0,7.549774864686451e-14,-0.2815754062048695,True,True,True,650.0,2.0,2.0,5.0,data/doe.npz,121,4,40
doe_0122,doe,T005,565.685424949238,565.6854249492379,800.0,44.99999999999999,230.0,3.396698910086729,3.478278347593201,0.11814664272248093,3.4802843399228984,6.998845947236987e-15,5.00965819240038,564.294940057947,567.0781714679697,-1.3904848912910666,1.3927465187317694,16.0,0.0,7.474774901744226e-14,-0.2815754062048695,True,True,True,650.0,2.0,2.0,5.0,data/doe.npz,122,4,40
doe_0123,doe,T006,707.1067811865476,-707.1067811865474,1000.0,-45.0,230.0,2.8097542672814906,4.347847893662354,0.1221638417270864,4.349563874019304,9.07718344933528e-15,6.240110816837721,708.8477220641041,-705.368653991917,1.740940877556568,1.738127194630465,20.0,0.0,7.557868357078326e-14,-0.2815754062048695,True,True,True,650.0,2.0,2.0,5.0,data/doe.npz,123,4,40
doe_0124,doe,T007,1000.0,0.0,1000.0,0.0,230.0,2.809598075815566,4.347847875426049,0.12215705024735823,4.349563664870518,3.481659405224491e-15,6.2401174064361165,1000.0019854035081,2.46006303529768,0.0019854035081152688,2.46006303529768,20.0,0.0,7.587935050610451e-14,-0.2815754062048695,True,True,True,650.0,2.0,2.0,5.0,data/doe.npz,124,4,40
doe_0125,doe,T008,707.1067811865476,707.1067811865474,1000.0,45.0,230.0,2.8093247656738636,4.347847931928362,0.12214516872550236,4.349563387508784,8.775202786637238e-15,6.24010602670755,705.368673161602,708.8477154047488,-1.738108024945518,1.740934218201346,20.0,0.0,7.524862547316683e-14,-0.2815754062048695,True,True,True,650.0,2.0,2.0,5.0,data/doe.npz,125,4,40
doe_0126,doe,T000,424.26406871192853,-424.2640687119285,600.0,-45.0,230.0,4.116554565219228,2.608708731498383,0.10738891837976929,2.6109181629225007,1.552535877635819e-14,3.7964631787147463,425.308634757664,-423.2211893362324,1.0445660457354506,1.0428793756960886,12.0,0.0,7.546494022086695e-14,-0.2815754062048695,True,True,True,650.0,2.0,5.0,5.0,data/doe.npz,126,4,40
doe_0127,doe,T001,600.0,0.0,600.0,0.0,230.0,4.115741365710217,2.608708711163368,0.1073677035362366,2.6109172700681036,2.486899575160351e-16,3.7964705590106744,600.001188003538,1.4760367387003674,0.0011880035380045229,1.4760367387003674,12.0,0.0,7.492753270947915e-14,-0.2815754062048695,True,True,True,650.0,2.0,5.0,5.0,data/doe.npz,127,4,40
doe_0128,doe,T002,424.26406871192853,424.2640687119285,600.0,45.0,230.0,4.114811655680414,2.6087087638560407,0.10734345227790482,2.6109163255147063,2.6822988274943782e-15,3.7964424586314487,423.22120695502497,425.30862772449535,-1.0428617569035623,1.0445590125668787,12.0,0.0,7.495501610670255e-14,-0.2815754062048695,True,True,True,650.0,2.0,5.0,5.0,data/doe.npz,128,4,40
doe_0129,doe,T003,565.685424949238,-565.6854249492379,800.0,-44.99999999999999,230.0,3.2647391459809763,3.4782783122835985,0.11355671366728907,3.4801315138285696,1.2345680033831741e-14,5.02856389447645,567.0781783729046,-564.294921605473,1.3927534236665906,1.3905033437649763,16.0,0.0,7.568522225937968e-14,-0.2815754062048695,True,True,True,650.0,2.0,5.0,5.0,data/doe.npz,129,4,40
doe_0130,doe,T004,800.0,0.0,800.0,0.0,230.0,3.2644012783697183,3.4782782932305114,0.11354496106947325,3.4801311111972844,6.572520305780927e-16,5.028573884155344,800.0015866889269,1.968049818225147,0.0015866889268636442,1.968049818225147,16.0,0.0,7.54509544216928e-14,-0.2815754062048695,True,True,True,650.0,2.0,5.0,5.0,data/doe.npz,130,4,40
doe_0131,doe,T005,565.685424949238,565.6854249492379,800.0,44.99999999999999,230.0,3.263942848485677,3.478278348189141,0.11352901739614521,3.480130645860303,3.907985046680551e-15,5.028553003569768,564.2949401170976,567.078171602475,-1.390484832140487,1.3927466532370545,16.0,0.0,7.522248694288561e-14,-0.2815754062048695,True,True,True,650.0,2.0,5.0,5.0,data/doe.npz,131,4,40
doe_0132,doe,T006,707.1067811865476,-707.1067811865474,1000.0,-45.0,230.0,2.699775176638702,4.3478478930756905,0.1173821181352663,4.349432200957713,1.0924594562311541e-14,6.259491989059127,708.8477219291849,-705.3686539362074,1.740940742637349,1.738127250340085,20.0,0.0,7.579516944454607e-14,-0.2815754062048695,True,True,True,650.0,2.0,5.0,5.0,data/doe.npz,132,4,40
doe_0133,doe,T007,1000.0,0.0,1000.0,0.0,230.0,2.6996272471158953,4.34784787566768,0.11737568591467434,4.349432009785385,1.1368683772161603e-15,6.259502943438401,1000.0019854594153,2.460062900454433,0.001985459415323021,2.460062900454433,20.0,0.0,7.609118920093284e-14,-0.2815754062048695,True,True,True,650.0,2.0,5.0,5.0,data/doe.npz,133,4,40
doe_0134,doe,T008,707.1067811865476,707.1067811865474,1000.0,45.0,230.0,2.6993572774485624,4.347847932515086,0.11736394957874284,4.349431749732926,5.3823612233827586e-15,6.259485130286375,705.3686732173301,708.8477155396698,-1.7381079692174808,1.740934353122384,20.0,0.0,7.535188857954211e-14,-0.2815754062048695,True,True,True,650.0,2.0,5.0,5.0,data/doe.npz,134,4,40
doe_0135,doe,T000,424.26406871192853,-424.2640687119285,600.0,-45.0,230.0,3.930947860793167,2.6087087359878804,0.10254698025164007,2.610723497253237,5.151434834260726e-16,3.725551701173374,425.30863397090405,-423.2211915907736,1.044565258975524,1.042877121154845,12.0,0.0,7.536266385077678e-14,-0.2815754062048695,True,True,True,650.0,5.0,0.0,5.0,data/doe.npz,135,4,40
doe_0136,doe,T001,600.0,0.0,600.0,0.0,230.0,3.9299622909891383,2.6087087205290382,0.10252126899853643,2.610722471978844,8.171241461241152e-16,3.7255459972796157,600.0011901551017,1.476037774046414,0.001190155101653545,1.476037774046414,12.0,0.0,7.453741681883917e-14,-0.2815754062048695,True,True,True,650.0,5.0,0.0,5.0,data/doe.npz,136,4,40
doe_0137,doe,T002,424.26406871192853,424.2640687119285,600.0,45.0,230.0,3.9289004321252015,2.608708759366712,0.10249356971964674,2.610721423165476,2.078337502098293e-15,3.725553591004248,423.22120470075816,425.3086285110374,-1.0428640111703658,1.0445597991089244,12.0,0.0,7.462674121538279e-14,-0.2815754062048695,True,True,True,650.0,5.0,0.0,5.0,data/doe.npz,137,4,40
doe_0138,doe,T003,565.685424949238,-565.6854249492379,800.0,-44.99999999999999,230.0,3.156271691853543,3.4782783168014912,0.10978391387708537,3.4800104535155403,2.842170943040401e-16,4.954953500635896,567.0781775625815,-564.2949238929527,1.3927526133434185,1.3905010562851885,16.0,0.0,7.557392497357589e-14,-0.2815754062048695,True,True,True,650.0,5.0,0.0,5.0,data/doe.npz,138,4,40
doe_0139,doe,T004,800.0,0.0,800.0,0.0,230.0,3.1558607594171977,3.478278302769076,0.10976962006041178,3.4800099884740208,1.5099033134902129e-15,4.954950361315389,800.0015888802387,1.9680508608166205,0.001588880238728052,1.9680508608166205,16.0,0.0,7.504410775600554e-14,-0.2815754062048695,True,True,True,650.0,5.0,0.0,5.0,data/doe.npz,139,4,40
doe_0140,doe,T005,565.685424949238,565.6854249492379,800.0,44.99999999999999,230.0,3.155365893301234,3.4782783436712292,0.10975240853028505,3.4800094863845525,2.7000623958883807e-15,4.954953746628825,564.2949378297363,567.0781724126745,-1.3904871195016995,1.3927474634365353,16.0,0.0,7.474463338557713e-14,-0.2815754062048695,True,True,True,650.0,5.0,0.0,5.0,data/doe.npz,140,4,40
doe_0141,doe,T006,707.1067811865476,-707.1067811865474,1000.0,-45.0,230.0,2.6261252513245394,4.347847897605178,0.11417993152819268,4.349346960949477,8.881784197001253e-17,6.18453097339005,708.8477211066894,-705.3686562396997,1.740939920141841,1.7381249468477336,20.0,0.0,7.553269054083824e-14,-0.2815754062048695,True,True,True,650.0,5.0,0.0,5.0,data/doe.npz,141,4,40
doe_0142,doe,T007,1000.0,0.0,1000.0,0.0,230.0,2.6259383865502217,4.347847885292312,0.11417180660870287,4.349346735175044,1.4210854715202005e-15,6.184529862666489,1000.0019876705148,2.460063946131698,0.0019876705148362817,2.460063946131698,20.0,0.0,7.560508263471021e-14,-0.2815754062048695,True,True,True,650.0,5.0,0.0,5.0,data/doe.npz,142,4,40
doe_0143,doe,T008,707.1067811865476,707.1067811865474,1000.0,45.0,230.0,2.625664091847147,4.347847927985575,0.11415988181323745,4.349346464673317,3.517186542012496e-15,6.184530365986676,705.3686709139005,708.8477163620952,-1.7381102726470772,1.7409351755477473,20.0,0.0,7.527853904605853e-14,-0.2815754062048695,True,True,True,650.0,5.0,0.0,5.0,data/doe.npz,143,4,40
doe_0144,doe,T000,424.26406871192853,-424.2640687119285,600.0,-45.0,230.0,3.6482124537785046,2.6087087356387753,0.09517123697638157,2.610444188524768,-1.4210854715202005e-15,3.745472789566828,425.3086339052448,-423.2211915429231,1.0445651933162594,1.0428771690053509,12.0,0.0,7.534264464135872e-14,-0.2815754062048695,True,True,True,650.0,5.0,2.0,5.0,data/doe.npz,144,4,40
doe_0145,doe,T001,600.0,0.0,600.0,0.0,230.0,3.647309794717937,2.608708720582458,0.09514768868146498,2.610443315021046,4.298783551348606e-15,3.745476679802822,600.0011901675858,1.4760376937541644,0.0011901675858325689,1.4760376937541644,12.0,0.0,7.484814562707003e-14,-0.2815754062048695,True,True,True,650.0,5.0,2.0,5.0,data/doe.npz,145,4,40
doe_0146,doe,T002,424.26406871192853,424.2640687119285,600.0,45.0,230.0,3.6463204636724096,2.6087087597159604,0.09512188134313777,2.610442413566976,3.641531520770513e-15,3.7454653463524465,423.2212047486553,425.30862857669655,-1.0428639632732484,1.0445598647680754,12.0,0.0,7.47050106874779e-14,-0.2815754062048695,True,True,True,650.0,5.0,2.0,5.0,data/doe.npz,146,4,40
doe_0147,doe,T003,565.685424949238,-565.6854249492379,800.0,-44.99999999999999,230.0,2.9303027989837407,3.478278316474878,0.10192408686410788,3.4797713690138417,-1.5276668818842154e-15,4.9759608680590235,567.0781774972041,-564.2949238521526,1.3927525479660972,1.3905010970853482,16.0,0.0,7.553425871832376e-14,-0.2815754062048695,True,True,True,650.0,5.0,2.0,5.0,data/doe.npz,147,4,40
doe_0148,doe,T004,800.0,0.0,800.0,0.0,230.0,2.929919872706936,3.478278302843528,0.10191076722306606,3.4797709651530693,4.352074256530614e-15,4.9759664106306625,800.0015888975474,1.9680507857102734,0.0015888975474354083,1.9680507857102734,16.0,0.0,7.535827405533673e-14,-0.2815754062048695,True,True,True,650.0,5.0,2.0,5.0,data/doe.npz,148,4,40
doe_0149,doe,T005,565.685424949238,565.6854249492379,800.0,44.99999999999999,230.0,2.929444403919897,3.478278343997961,0.10189423030100593,3.4797705219023967,5.133671265866724e-15,4.975956368856008,564.2949378705621,567.0781724780644,-1.3904870786759602,1.392747528826476,16.0,0.0,7.494292145896501e-14,-0.2815754062048695,True,True,True,650.0,5.0,2.0,5.0,data/doe.npz,149,4,40
doe_0150,doe,T006,707.1067811865476,-707.1067811865474,1000.0,-45.0,230.0,2.440472602205558,4.347847897296693,0.10610803671909624,4.3491425443143825,-2.5934809855243656e-15,6.206074627064887,708.8477210430001,-705.3686562031144,1.7409398564525418,1.7381249834330674,20.0,0.0,7.548358212876562e-14,-0.2815754062048695,True,True,True,650.0,5.0,2.0,5.0,data/doe.npz,150,4,40
doe_0151,doe,T007,1000.0,0.0,1000.0,0.0,230.0,2.4402977820587,4.3478478853746685,0.10610043551408414,4.349142346767723,4.263256414560601e-15,6.206081145689942,1000.0019876896315,2.4600638752027955,0.0019876896315054182,2.4600638752027955,20.0,0.0,7.614092071291556e-14,-0.2815754062048695,True,True,True,650.0,5.0,2.0,5.0,data/doe.npz,151,4,40
doe_0152,doe,T008,707.1067811865476,707.1067811865474,1000.0,45.0,230.0,2.4400277797193475,4.347847928294156,0.10608869727032955,4.34914210315283,6.483702463810914e-15,6.206071253088798,705.3686709505009,708.8477164257998,-1.738110236046623,1.7409352392523942,20.0,0.0,7.519999502592784e-14,-0.2815754062048695,True,True,True,650.0,5.0,2.0,5.0,data/doe.npz,152,4,40
doe_0153,doe,T000,424.26406871192853,-424.2640687119285,600.0,-45.0,230.0,3.4523679780195082,2.6087087352725913,0.09006222501634864,2.610262918331743,4.440892098500626e-16,3.7639117803910596,425.30863383132385,-423.2211914978065,1.0445651193953154,1.0428772141219724,12.0,0.0,7.532804641349035e-14,-0.2815754062048695,True,True,True,650.0,5.0,5.0,5.0,data/doe.npz,153,4,40
doe_0154,doe,T001,600.0,0.0,600.0,0.0,230.0,3.451517837847088,2.6087087206695707,0.0900400468313828,2.6102621385671747,1.2079226507921704e-15,3.7639187235864364,600.0011901878289,1.4760376095473933,0.0011901878289108936,1.4760376095473933,12.0,0.0,7.48890551369322e-14,-0.2815754062048695,True,True,True,650.0,5.0,5.0,5.0,data/doe.npz,154,4,40
doe_0155,doe,T002,424.26406871192853,424.2640687119285,600.0,45.0,230.0,3.4505733623729826,2.6087087600822025,0.090015409577287,2.610261328173851,1.829647544582258e-15,3.76389682778357,423.2212047938138,425.30862865059515,-1.0428639181147332,1.04455993866668,12.0,0.0,7.519511870913094e-14,-0.2815754062048695,True,True,True,650.0,5.0,5.0,5.0,data/doe.npz,155,4,40
doe_0156,doe,T003,565.685424949238,-565.6854249492379,800.0,-44.99999999999999,230.0,2.774778666271136,3.4782783161181254,0.09651452466918066,3.4796171234556126,-1.7763568394002505e-17,4.995330510337184,567.0781774217211,-564.2949238116812,1.3927524724830391,1.3905011375567256,16.0,0.0,7.602874402624293e-14,-0.2815754062048695,True,True,True,650.0,5.0,5.0,5.0,data/doe.npz,156,4,40
doe_0157,doe,T004,800.0,0.0,800.0,0.0,230.0,2.7744128068355747,3.4782783029499287,0.09650179869442592,3.479616757207975,1.2434497875801752e-15,4.995339264393958,800.0015889222212,1.9680507036864354,0.0015889222212308596,1.9680507036864354,16.0,0.0,7.556333154162778e-14,-0.2815754062048695,True,True,True,650.0,5.0,5.0,5.0,data/doe.npz,157,4,40
doe_0158,doe,T005,565.685424949238,565.6854249492379,800.0,44.99999999999999,230.0,2.7739480043340934,3.4782783443547767,0.09648563271841426,3.479616350176687,2.3980817331903383e-15,4.995322299335781,564.2949379110568,567.0781725535453,-1.390487038181277,1.3927476043073739,16.0,0.0,7.516648147849671e-14,-0.2815754062048695,True,True,True,650.0,5.0,5.0,5.0,data/doe.npz,158,4,40
doe_0159,doe,T006,707.1067811865476,-707.1067811865474,1000.0,-45.0,230.0,2.3131732716183127,4.347847896948512,0.10057325544283188,4.349011032211803,6.217248937900876e-16,6.225926110690874,708.8477209676867,-705.3686561652673,1.7409397811391045,1.7381250212800978,20.0,0.0,7.603060676203131e-14,-0.2815754062048695,True,True,True,650.0,5.0,5.0,5.0,data/doe.npz,159,4,40
doe_0160,doe,T007,1000.0,0.0,1000.0,0.0,230.0,2.313005533900791,4.347847885488724,0.10056596219694272,4.349010851908514,1.6342482922482305e-15,6.225935651831915,1000.0019877160611,2.460063795160117,0.0019877160610803912,2.460063795160117,20.0,0.0,7.601971498259613e-14,-0.2815754062048695,True,True,True,650.0,5.0,5.0,5.0,data/doe.npz,160,4,40
doe_0161,doe,T008,707.1067811865476,707.1067811865474,1000.0,45.0,230.0,2.3127368345502304,4.34784792864239,0.10055428055594177,4.349010624759758,3.4283687000424833e-15,6.225920679738546,705.3686709883632,708.847716501116,-1.7381101981843585,1.74093531456856,20.0,0.0,7.582183848958236e-14,-0.2815754062048695,True,True,True,650.0,5.0,5.0,5.0,data/doe.npz,161,4,40
doe_0162,doe,T000,424.26406871192853,-424.2640687119285,600.0,-45.0,230.0,4.459395495629358,2.6087087317102715,0.1163326396759776,2.6113013127747644,1.4210854715202004e-16,3.77892620035307,425.30863533979425,-423.2211888203219,1.04456662786572,1.0428798916065602,12.0,0.0,7.293064323876646e-14,-0.2815754062048695,True,True,True,800.0,0.0,0.0,5.0,data/doe.npz,162,4,40
doe_0163,doe,T001,600.0,0.0,600.0,0.0,230.0,4.458629043572244,2.6087087077886424,0.11631264410766258,2.6113003981304765,1.0658141036401502e-15,3.77891939026781,600.0011872272313,1.4760367864790032,0.0011872272312984933,1.4760367864790032,12.0,0.0,7.233171469719958e-14,-0.2815754062048695,True,True,True,800.0,0.0,0.0,5.0,data/doe.npz,163,4,40
doe_0164,doe,T002,424.26406871192853,424.2640687119285,600.0,45.0,230.0,4.457742753506502,2.6087087636437336,0.1162895258714176,2.611299424273466,1.9539925233402757e-15,3.7789177475344466,423.2212074707654,425.3086271423988,-1.0428612411631093,1.0445584304703175,12.0,0.0,7.258340981632276e-14,-0.2815754062048695,True,True,True,800.0,0.0,0.0,5.0,data/doe.npz,164,4,40
doe_0165,doe,T003,565.685424949238,-565.6854249492379,800.0,-44.99999999999999,230.0,3.507890835188391,3.478278312438866,0.1220142061443884,3.4804177379181453,2.1316282072803005e-16,5.009565949728602,567.078178956601,-564.294921069526,1.3927540073630098,1.3905038797119005,16.0,0.0,7.335437431772862e-14,-0.2815754062048695,True,True,True,800.0,0.0,0.0,5.0,data/doe.npz,165,4,40
doe_0166,doe,T004,800.0,0.0,800.0,0.0,230.0,3.5075971857595847,3.478278289788905,0.12200399140552225,3.48041735710823,1.794120407794253e-15,5.009563380962797,800.0015858972704,1.9680498527078643,0.001585897270388159,1.9680498527078643,16.0,0.0,7.27421263852726e-14,-0.2815754062048695,True,True,True,800.0,0.0,0.0,5.0,data/doe.npz,166,4,40
doe_0167,doe,T005,565.685424949238,565.6854249492379,800.0,44.99999999999999,230.0,3.5071787246272077,3.478278348033669,0.12198943820555154,3.4804169051109537,2.877698079828406e-15,5.009561415394117,564.2949406529797,567.0781710187769,-1.3904842962583643,1.39274606953893,16.0,0.0,7.283203466978458e-14,-0.2815754062048695,True,True,True,800.0,0.0,0.0,5.0,data/doe.npz,167,4,40
doe_0168,doe,T006,707.1067811865476,-707.1067811865474,1000.0,-45.0,230.0,2.8838579706644243,4.347847893205266,0.1253857580205653,4.349655541847104,4.618527782440651e-16,6.2397512850435195,708.8477225127068,-705.3686533920581,1.740941326159259,1.7381277944892872,20.0,0.0,7.309245773178187e-14,-0.2815754062048695,True,True,True,800.0,0.0,0.0,5.0,data/doe.npz,168,4,40
doe_0169,doe,T007,1000.0,0.0,1000.0,0.0,230.0,2.883739706962087,4.347847872201227,0.12538061548897297,4.349655372468578,2.6645352591003757e-15,6.239751289360978,1000.0019846620588,2.4600629288635973,0.001984662058816866,2.4600629288635973,20.0,0.0,7.326521675885879e-14,-0.2815754062048695,True,True,True,800.0,0.0,0.0,5.0,data/doe.npz,169,4,40
doe_0170,doe,T008,707.1067811865476,707.1067811865474,1000.0,45.0,230.0,2.8834949627334074,4.347847932385435,0.12536997611764264,4.349655125819731,3.0908609005564358e-15,6.23974815515698,705.3686737614536,708.8477149561487,-1.7381074250939719,1.7409337696012699,20.0,0.0,7.314490531035002e-14,-0.2815754062048695,True,True,True,800.0,0.0,0.0,5.0,data/doe.npz,170,4,40
doe_0171,doe,T000,424.26406871192853,-424.2640687119285,600.0,-45.0,230.0,4.311639772370448,2.6087087311879134,0.11247812319919855,2.611132434430773,-1.2789769243681803e-15,3.7929527482096965,425.30863523093933,-423.2211887593872,1.0445665190108002,1.0428799525412842,12.0,0.0,7.290846524384926e-14,-0.2815754062048695,True,True,True,800.0,0.0,2.0,5.0,data/doe.npz,171,4,40
doe_0172,doe,T001,600.0,0.0,600.0,0.0,230.0,4.31093301020263,2.6087087079339764,0.1124596848303563,2.61113161697573,1.8829382497642656e-15,3.7929513922247984,600.0011872609535,1.4760366663739184,0.0011872609535430456,1.4760366663739184,12.0,0.0,7.256270418050166e-14,-0.2815754062048695,True,True,True,800.0,0.0,2.0,5.0,data/doe.npz,172,4,40
doe_0173,doe,T002,424.26406871192853,424.2640687119285,600.0,45.0,230.0,4.3101001584643654,2.608708764166165,0.11243796057819967,2.6111307375688075,7.709388682997087e-15,3.792938062861913,423.22120753174545,425.3086272512322,-1.0428611801830812,1.0445585393037504,12.0,0.0,7.268179071342045e-14,-0.2815754062048695,True,True,True,800.0,0.0,2.0,5.0,data/doe.npz,173,4,40
doe_0174,doe,T003,565.685424949238,-565.6854249492379,800.0,-44.99999999999999,230.0,3.386681017562227,3.478278311931476,0.11779819132816717,3.4802724867380026,-1.1191048088221578e-15,5.0242978057483425,567.0781788460198,-564.2949210152073,1.3927538967817554,1.3905039340306757,16.0,0.0,7.310604639781095e-14,-0.2815754062048695,True,True,True,800.0,0.0,2.0,5.0,data/doe.npz,174,4,40
doe_0175,doe,T004,800.0,0.0,800.0,0.0,230.0,3.386407816808617,3.4782782899601576,0.11778868790156788,3.4802721430368764,2.0961010704922954e-15,5.024302780025902,800.0015859369454,1.9680497360629061,0.0015859369453892214,1.9680497360629061,16.0,0.0,7.304760448866489e-14,-0.2815754062048695,True,True,True,800.0,0.0,2.0,5.0,data/doe.npz,175,4,40
doe_0176,doe,T005,565.685424949238,565.6854249492379,800.0,44.99999999999999,230.0,3.386004500865926,3.478278348541134,0.1177746614342478,3.4802717268068464,8.86402062860725e-15,5.024290340273398,564.2949407073214,567.07817112936,-1.3904842419166243,1.392746180122117,16.0,0.0,7.285261886123427e-14,-0.2815754062048695,True,True,True,800.0,0.0,2.0,5.0,data/doe.npz,176,4,40
doe_0177,doe,T006,707.1067811865476,-707.1067811865474,1000.0,-45.0,230.0,2.7830535885641914,4.347847892711788,0.12100293680342798,4.3495314078131955,-1.5276668818842154e-15,6.254848270144242,708.8477224028699,-705.3686533415272,1.7409412163223124,1.7381278450202444,20.0,0.0,7.303120621727869e-14,-0.2815754062048695,True,True,True,800.0,0.0,2.0,5.0,data/doe.npz,177,4,40
doe_0178,doe,T007,1000.0,0.0,1000.0,0.0,230.0,2.7829440714799922,4.347847872381992,0.12099817460142363,4.349531254859324,2.2382096176443156e-15,6.254854805315872,1000.0019847039142,2.4600628154290987,0.001984703914217789,2.4600628154290987,20.0,0.0,7.338880503017771e-14,-0.2815754062048695,True,True,True,800.0,0.0,2.0,5.0,data/doe.npz,178,4,40
doe_0179,doe,T008,707.1067811865476,707.1067811865474,1000.0,45.0,230.0,2.782703220335313,4.347847932878983,0.12098770444350578,4.349531023936616,1.0889067425523535e-14,6.254843533258099,705.3686738119978,708.8477150659946,-1.7381073745497133,1.7409338794471978,20.0,0.0,7.3300301462086e-14,-0.2815754062048695,True,True,True,800.0,0.0,2.0,5.0,data/doe.npz,179,4,40
doe_0180,doe,T000,424.26406871192853,-424.2640687119285,600.0,-45.0,230.0,4.197453187321982,2.6087087305524994,0.10949932775852271,2.6110058144863086,3.375077994860476e-16,3.8067000460597544,425.3086350898326,-423.2211886939992,1.0445663779040615,1.042880017929292,12.0,0.0,7.326280770189407e-14,-0.2815754062048695,True,True,True,800.0,0.0,5.0,5.0,data/doe.npz,180,4,40
doe_0181,doe,T001,600.0,0.0,600.0,0.0,230.0,4.196790644978007,2.6087087081643197,0.1094820430189668,2.611005067261747,1.3855583347321954e-15,3.8067026882980324,600.0011873142922,1.4760365202963985,0.0011873142922240731,1.4760365202963985,12.0,0.0,7.254432484804149e-14,-0.2815754062048695,True,True,True,800.0,0.0,5.0,5.0,data/doe.npz,181,4,40
doe_0182,doe,T002,424.26406871192853,424.2640687119285,600.0,45.0,230.0,4.195997329286399,2.6087087648015594,0.10946135009993366,2.611004256225228,2.0605739337042904e-15,3.806679904643835,423.22120759717177,425.30862739229474,-1.0428611147567608,1.044558680366265,12.0,0.0,7.287244022195471e-14,-0.2815754062048695,True,True,True,800.0,0.0,5.0,5.0,data/doe.npz,182,4,40
doe_0183,doe,T003,565.685424949238,-565.6854249492379,800.0,-44.99999999999999,230.0,3.2933085801439894,3.478278311295713,0.11455043806718918,3.480164072889056,2.1316282072803005e-16,5.038707005256459,567.0781787004156,-564.294920954225,1.3927537511775654,1.3905039950129776,16.0,0.0,7.319871826684887e-14,-0.2815754062048695,True,True,True,800.0,0.0,5.0,5.0,data/doe.npz,183,4,40
doe_0184,doe,T004,800.0,0.0,800.0,0.0,230.0,3.2930499644118254,3.4782782902181415,0.11454144199817276,3.4801637556359544,1.4743761767022078e-15,5.038713316990537,800.0015859966413,1.9680495899266102,0.0015859966413245274,1.9680495899266102,16.0,0.0,7.307948820424427e-14,-0.2815754062048695,True,True,True,800.0,0.0,5.0,5.0,data/doe.npz,184,4,40
doe_0185,doe,T005,565.685424949238,565.6854249492379,800.0,44.99999999999999,230.0,3.2926572749387493,3.4782783491769242,0.11452778510679341,3.480163365018893,2.4513724383723455e-15,5.038696665764578,564.2949407683228,567.078171274954,-1.390484180915223,1.3927463257160753,16.0,0.0,7.308340418230289e-14,-0.2815754062048695,True,True,True,800.0,0.0,5.0,5.0,data/doe.npz,185,4,40
doe_0186,doe,T006,707.1067811865476,-707.1067811865474,1000.0,-45.0,230.0,2.7055484092411852,4.3478478920794235,0.11763312948038125,4.349438966274065,-7.105427357601002e-17,6.269569493726219,708.847722256053,-705.3686532828721,1.7409410695054248,1.7381279036753767,20.0,0.0,7.347563971297013e-14,-0.2815754062048695,True,True,True,800.0,0.0,5.0,5.0,data/doe.npz,186,4,40
doe_0187,doe,T007,1000.0,0.0,1000.0,0.0,230.0,2.705444751989861,4.347847872651002,0.11762862209513934,4.349438824792503,2.0605739337042904e-15,6.269577367526984,1000.0019847661441,2.4600626700896453,0.001984766144119021,2.4600626700896453,20.0,0.0,7.353166348933382e-14,-0.2815754062048695,True,True,True,800.0,0.0,5.0,5.0,data/doe.npz,187,4,40
doe_0188,doe,T008,707.1067811865476,707.1067811865474,1000.0,45.0,230.0,2.705206146251283,4.347847933511381,0.11761824952700926,4.349438604972408,3.446132268436486e-15,6.269563002502256,705.3686738706657,708.8477152128104,-1.738107315881848,1.7409340262629485,20.0,0.0,7.31427639981358e-14,-0.2815754062048695,True,True,True,800.0,0.0,5.0,5.0,data/doe.npz,188,4,40
doe_0189,doe,T000,424.26406871192853,-424.2640687119285,600.0,-45.0,230.0,3.888635267044801,2.608708734525869,0.10144316786525107,2.6106803704996935,2.0268231537556858e-14,3.7509192081966614,425.3086344792199,-423.22119060322916,1.044565767291374,1.0428781086993126,12.0,0.0,7.303387341433345e-14,-0.2815754062048695,True,True,True,800.0,2.0,0.0,5.0,data/doe.npz,189,4,40
doe_0190,doe,T001,600.0,0.0,600.0,0.0,230.0,3.88786690775862,2.608708715925126,0.1014231228862678,2.6106795730714216,-4.369837824924616e-15,3.7509133690369074,600.0011890970292,1.4760374364404003,0.0011890970291688063,1.4760374364404003,12.0,0.0,7.246327359793469e-14,-0.2815754062048695,True,True,True,800.0,2.0,0.0,5.0,data/doe.npz,190,4,40
doe_0191,doe,T002,424.26406871192853,424.2640687119285,600.0,45.0,230.0,3.88699480275183,2.6087087608285255,0.10140037395233646,2.6106787342297513,7.37188088351104e-15,3.750915521798298,423.221205688191,425.30862800276833,-1.0428630237375387,1.0445592908398567,12.0,0.0,7.242843287849125e-14,-0.2815754062048695,True,True,True,800.0,2.0,0.0,5.0,data/doe.npz,191,4,40
doe_0192,doe,T003,565.685424949238,-565.6854249492379,800.0,-44.99999999999999,230.0,3.0810559573626923,3.4782783153121577,0.10716770124757993,3.479928894704834,1.8260948309034574e-14,4.980995587201574,567.0781780748978,-564.2949228924791,1.3927531256597376,1.3905020567588053,16.0,0.0,7.357861973090148e-14,-0.2815754062048695,True,True,True,800.0,2.0,0.0,5.0,data/doe.npz,192,4,40
doe_0193,doe,T004,800.0,0.0,800.0,0.0,230.0,3.0807506794895403,3.4782782981132914,0.10715708230366244,3.4799285504195283,-3.3395508580724707e-15,4.980993081611166,800.0015878102517,1.9680505165758042,0.0015878102517490333,1.9680505165758042,16.0,0.0,7.301269392026203e-14,-0.2815754062048695,True,True,True,800.0,2.0,0.0,5.0,data/doe.npz,193,4,40
doe_0194,doe,T005,565.685424949238,565.6854249492379,800.0,44.99999999999999,230.0,3.0803364436232057,3.478278345160556,0.10714267547663477,3.479928153760617,8.757439218243234e-15,4.980993235892666,564.2949388301789,567.078171900387,-1.3904861190591191,1.3927469511490926,16.0,0.0,7.288069155355151e-14,-0.2815754062048695,True,True,True,800.0,2.0,0.0,5.0,data/doe.npz,194,4,40
doe_0195,doe,T006,707.1067811865476,-707.1067811865474,1000.0,-45.0,230.0,2.5443635528897732,4.347847896113164,0.11062505720378817,4.349255073915814,1.7426060594516458e-14,6.210906488718174,708.8477216224184,-705.3686552349224,1.7409404358708116,1.7381259516250793,20.0,0.0,7.340981972116582e-14,-0.2815754062048695,True,True,True,800.0,2.0,0.0,5.0,data/doe.npz,195,4,40
doe_0196,doe,T007,1000.0,0.0,1000.0,0.0,230.0,2.544234385811816,4.347847880613011,0.1106194408213465,4.34925491541641,-2.9842794901924207e-15,6.210906241345685,1000.0019865951213,2.460063601066748,0.0019865951212523214,2.460063601066748,20.0,0.0,7.339238691491632e-14,-0.2815754062048695,True,True,True,800.0,2.0,0.0,5.0,data/doe.npz,196,4,40
doe_0197,doe,T008,707.1067811865476,707.1067811865474,1000.0,45.0,230.0,2.54399426917747,4.3478479294776635,0.11060900215846306,4.349254698634954,9.698908343125367e-15,6.210904519209423,705.3686719186742,708.8477158463935,-1.7381092678733694,1.7409346598460615,20.0,0.0,7.286199174709827e-14,-0.2815754062048695,True,True,True,800.0,2.0,0.0,5.0,data/doe.npz,197,4,40
doe_0198,doe,T000,424.26406871192853,-424.2640687119285,600.0,-45.0,230.0,3.715170233693863,2.608708734162341,0.09691797037537127,2.6105084511841445,2.206235194535111e-14,3.7652766805741256,425.3086344069788,-423.22119055729036,1.0445656950502666,1.0428781546381174,12.0,0.0,7.300018320722955e-14,-0.2815754062048695,True,True,True,800.0,2.0,2.0,5.0,data/doe.npz,198,4,40
doe_0199,doe,T001,600.0,0.0,600.0,0.0,230.0,3.714459195350893,2.6087087160046183,0.09689942078155375,2.6105077443965956,-4.547473508864641e-15,3.7652782383234524,600.0011891155182,1.4760373528478894,0.0011891155181729118,1.4760373528478894,12.0,0.0,7.300774864319559e-14,-0.2815754062048695,True,True,True,800.0,2.0,2.0,5.0,data/doe.npz,199,4,40
doe_0200,doe,T002,424.26406871192853,424.2640687119285,600.0,45.0,230.0,3.7136369792704,2.6087087611921382,0.096877973237098,2.610506993497005,1.2008172234345693e-14,3.7652669644632395,423.2212057341647,425.30862807500233,-1.042862977763832,1.0445593630738585,12.0,0.0,7.269307079194007e-14,-0.2815754062048695,True,True,True,800.0,2.0,2.0,5.0,data/doe.npz,200,4,40
doe_0201,doe,T003,565.685424949238,-565.6854249492379,800.0,-44.99999999999999,230.0,2.941291724581876,3.4782783149634517,0.10230631223594593,3.4797825770047655,1.9024781749976684e-14,4.9960816857736114,567.078178002078,-564.2949228519547,1.3927530528399075,1.3905020972832745,16.0,0.0,7.338594390142603e-14,-0.2815754062048695,True,True,True,800.0,2.0,2.0,5.0,data/doe.npz,201,4,40
doe_0202,doe,T004,800.0,0.0,800.0,0.0,230.0,2.9410058461155177,3.47827829821141,0.10229636809456491,3.4797822678222055,-3.446132268436486e-15,4.9960857698141075,800.0015878330165,1.9680504364026146,0.0015878330165151056,1.9680504364026146,16.0,0.0,7.340845713934397e-14,-0.2815754062048695,True,True,True,800.0,2.0,2.0,5.0,data/doe.npz,202,4,40
doe_0203,doe,T005,565.685424949238,565.6854249492379,800.0,44.99999999999999,230.0,2.940604696548215,3.4782783455093393,0.10228241638706718,3.4797819048970293,1.3518075547835907e-14,4.99607640463014,564.2949388707209,567.078171973214,-1.3904860785171422,1.392747023976085,16.0,0.0,7.303543202275739e-14,-0.2815754062048695,True,True,True,800.0,2.0,2.0,5.0,data/doe.npz,203,4,40
doe_0204,doe,T006,707.1067811865476,-707.1067811865474,1000.0,-45.0,230.0,2.429128750830529,4.347847895776911,0.10561482327869712,4.349130522430393,1.6697754290362355e-14,6.226360302288276,708.8477215505405,-705.3686551975123,1.7409403639929906,1.7381259890350975,20.0,0.0,7.32990942710467e-14,-0.2815754062048695,True,True,True,800.0,2.0,2.0,5.0,data/doe.npz,204,4,40
doe_0205,doe,T007,1000.0,0.0,1000.0,0.0,230.0,2.429008002236635,4.347847880717921,0.10560957294771424,4.349130379718931,-2.1316282072803005e-15,6.226365796043204,1000.0019866194407,2.4600635237663924,0.0019866194406858995,2.4600635237663924,20.0,0.0,7.379313579564475e-14,-0.2815754062048695,True,True,True,800.0,2.0,2.0,5.0,data/doe.npz,205,4,40
doe_0206,doe,T008,707.1067811865476,707.1067811865474,1000.0,45.0,230.0,2.4287705316571815,4.347847929813975,0.10559924928058864,4.349130177972299,1.5436540934388176e-14,6.22635672009904,705.3686719560952,708.8477159182794,-1.7381092304523236,1.7409347317319543,20.0,0.0,7.318505295711718e-14,-0.2815754062048695,True,True,True,800.0,2.0,2.0,5.0,data/doe.npz,206,4,40
doe_0207,doe,T000,424.26406871192853,-424.2640687119285,600.0,-45.0,230.0,3.5827186907716504,2.6087087337274633,0.09346269539104626,2.6103824539935157,2.2151169787321124e-14,3.779286457889017,425.30863431515724,-423.22119050776314,1.0445656032287047,1.0428782041653335,12.0,0.0,7.305923319510635e-14,-0.2815754062048695,True,True,True,800.0,2.0,5.0,5.0,data/doe.npz,207,4,40
doe_0208,doe,T001,600.0,0.0,600.0,0.0,230.0,3.5820494135204703,2.6087087161329587,0.09344523526669804,2.6103818112849426,-4.050093593832571e-15,3.7792885942430585,600.0011891452825,1.47603725285644,0.0011891452825238957,1.47603725285644,12.0,0.0,7.274905948706684e-14,-0.2815754062048695,True,True,True,800.0,2.0,5.0,5.0,data/doe.npz,208,4,40
doe_0209,doe,T002,424.26406871192853,424.2640687119285,600.0,45.0,230.0,3.5812631684666014,2.608708761627041,0.09342472605271042,2.610381122615171,7.034373084024992e-15,3.7792711734168445,423.22120578372625,425.3086281667977,-1.0428629282022825,1.0445594548692156,12.0,0.0,7.276688549868824e-14,-0.2815754062048695,True,True,True,800.0,2.0,5.0,5.0,data/doe.npz,209,4,40
doe_0210,doe,T003,565.685424949238,-565.6854249492379,800.0,-44.99999999999999,230.0,2.834933116122917,3.4782783145329352,0.09860686380961622,3.479675778036553,1.945110739143274e-14,5.010724826206233,567.0781779079346,-564.2949228061832,1.3927529586965193,1.3905021430547322,16.0,0.0,7.340778223143891e-14,-0.2815754062048695,True,True,True,800.0,2.0,5.0,5.0,data/doe.npz,210,4,40
doe_0211,doe,T004,800.0,0.0,800.0,0.0,230.0,2.834660903555923,3.4782782983586373,0.09859739504044253,3.4796754934622283,-2.771116669464391e-15,5.010729958415856,800.0015878671225,1.968050337430485,0.0015878671224527352,1.968050337430485,16.0,0.0,7.325153632061861e-14,-0.2815754062048695,True,True,True,800.0,2.0,5.0,5.0,data/doe.npz,211,4,40
doe_0212,doe,T005,565.685424949238,565.6854249492379,800.0,44.99999999999999,230.0,2.834268487056576,3.4782783459398985,0.09858374705108726,3.4796751542432056,8.419931418757188e-15,5.010716691520035,564.2949389165111,567.0781720673532,-1.3904860327269262,1.3927471181152669,16.0,0.0,7.309879248302502e-14,-0.2815754062048695,True,True,True,800.0,2.0,5.0,5.0,data/doe.npz,212,4,40
doe_0213,doe,T006,707.1067811865476,-707.1067811865474,1000.0,-45.0,230.0,2.3416179275561237,4.3478478953517055,0.10180998578042715,4.349039790329012,1.8189894035458565e-14,6.241313943288523,708.8477214560922,-705.3686551537787,1.7409402695446943,1.7381260327687187,20.0,0.0,7.374323901217248e-14,-0.2815754062048695,True,True,True,800.0,2.0,5.0,5.0,data/doe.npz,213,4,40
doe_0214,doe,T007,1000.0,0.0,1000.0,0.0,230.0,2.341502840267628,4.347847880872464,0.10180498162114462,4.349039658542928,-1.8829382497642656e-15,6.241320519367689,1000.0019866552261,2.4600634260241234,0.0019866552261191828,2.4600634260241234,20.0,0.0,7.34355613485565e-14,-0.2815754062048695,True,True,True,800.0,2.0,5.0,5.0,data/doe.npz,214,4,40
doe_0215,doe,T008,707.1067811865476,707.1067811865474,1000.0,45.0,230.0,2.341266517395363,4.347847930239226,0.1017947078179583,4.349039467254415,9.894307595459396e-15,6.2413086152936605,705.3686719998406,708.8477160127309,-1.7381091867069927,1.7409348261834339,20.0,0.0,7.318695259141254e-14,-0.2815754062048695,True,True,True,800.0,2.0,5.0,5.0,data/doe.npz,215,4,40
doe_0216,doe,T000,424.26406871192853,-424.2640687119285,600.0,-45.0,230.0,3.429365832222785,2.608708736830922,0.08946216608309025,2.6102422827410696,2.6645352591003756e-16,3.7251529857925982,425.3086336344415,-423.2211922037882,1.0445649225129614,1.0428765081402958,12.0,0.0,7.319633687432617e-14,-0.2815754062048695,True,True,True,800.0,5.0,0.0,5.0,data/doe.npz,216,4,40
doe_0217,doe,T001,600.0,0.0,600.0,0.0,230.0,3.4285743267450544,2.608708723450709,0.08944151755178964,2.6102415617176304,9.947598300641404e-16,3.7251498401767758,600.0011908266089,1.4760379688165401,0.001190826608876705,1.4760379688165401,12.0,0.0,7.253041094439975e-14,-0.2815754062048695,True,True,True,800.0,5.0,0.0,5.0,data/doe.npz,217,4,40
doe_0218,doe,T002,424.26406871192853,424.2640687119285,600.0,45.0,230.0,3.4276997999120074,2.6087087585236493,0.08941870489620214,2.6102408151465992,1.900701818158268e-15,3.7251532137661516,423.22120408788555,425.3086288473519,-1.042864624042977,1.04456013542341,12.0,0.0,7.262351803862957e-14,-0.2815754062048695,True,True,True,800.0,5.0,0.0,5.0,data/doe.npz,218,4,40
doe_0219,doe,T003,565.685424949238,-565.6854249492379,800.0,-44.99999999999999,230.0,2.7410937745054804,3.4782783176513687,0.09534287042511563,3.479584815138966,1.2434497875801754e-16,4.954761099008853,567.0781772096734,-564.2949245247227,1.3927522604353726,1.3905004245152668,16.0,0.0,7.348354407780665e-14,-0.2815754062048695,True,True,True,800.0,5.0,0.0,5.0,data/doe.npz,219,4,40
doe_0220,doe,T004,800.0,0.0,800.0,0.0,230.0,2.7407687437145603,3.4782783057989795,0.09533156462474278,3.4795844934303424,1.5987211554602255e-15,4.954760146411176,800.0015895766348,1.9680510573852594,0.0015895766348421603,1.9680510573852594,16.0,0.0,7.309711939121651e-14,-0.2815754062048695,True,True,True,800.0,5.0,0.0,5.0,data/doe.npz,220,4,40
doe_0221,doe,T005,565.685424949238,565.6854249492379,800.0,44.99999999999999,230.0,2.7403547491840956,3.4782783428214117,0.09531716575734842,3.4795841358890915,2.575717417130363e-15,4.954760567393996,564.2949371980468,567.0781727655221,-1.3904877511912446,1.3927478162842135,16.0,0.0,7.295302275874974e-14,-0.2815754062048695,True,True,True,800.0,5.0,0.0,5.0,data/doe.npz,221,4,40
doe_0222,doe,T006,707.1067811865476,-707.1067811865474,1000.0,-45.0,230.0,2.275539002925716,4.347847898474069,0.09893697471766352,4.348973483682579,2.486899575160351e-16,6.184439514739123,708.8477207483727,-705.3686568831052,1.7409395618251438,1.7381243034421914,20.0,0.0,7.33456508850378e-14,-0.2815754062048695,True,True,True,800.0,5.0,0.0,5.0,data/doe.npz,222,4,40
doe_0223,doe,T007,1000.0,0.0,1000.0,0.0,230.0,2.275394478629325,4.347847888374636,0.09893069079127817,4.34897333047386,2.2026824808563106e-15,6.184440292111688,1000.001988378957,2.4600641472092417,0.001988378956980341,2.4600641472092417,20.0,0.0,7.334248541644854e-14,-0.2815754062048695,True,True,True,800.0,5.0,0.0,5.0,data/doe.npz,223,4,40
doe_0224,doe,T008,707.1067811865476,707.1067811865474,1000.0,45.0,230.0,2.275158445894365,4.3478479271168045,0.09892042932844104,4.348973135638138,3.1441516057384434e-15,6.184438525305055,705.3686702705506,708.8477167203955,-1.7381109159969128,1.7409355338480736,20.0,0.0,7.311029096102995e-14,-0.2815754062048695,True,True,True,800.0,5.0,0.0,5.0,data/doe.npz,224,4,40
doe_0225,doe,T000,424.26406871192853,-424.2640687119285,600.0,-45.0,230.0,3.225941347808282,2.608708736596813,0.08415541377776363,2.610065790427583,3.730349362740526e-16,3.739901328633311,425.3086335902198,-423.2211921718915,1.0445648782912826,1.042876540036957,12.0,0.0,7.322153361775783e-14,-0.2815754062048695,True,True,True,800.0,5.0,2.0,5.0,data/doe.npz,225,4,40
doe_0226,doe,T001,600.0,0.0,600.0,0.0,230.0,3.2252025394856156,2.6087087234877133,0.08413613999770853,2.6100651559201182,1.1368683772161603e-15,3.7399041138095037,600.0011908352524,1.47603791497731,0.0011908352523732901,1.47603791497731,12.0,0.0,7.267244284724782e-14,-0.2815754062048695,True,True,True,800.0,5.0,2.0,5.0,data/doe.npz,226,4,40
doe_0227,doe,T002,424.26406871192853,424.2640687119285,600.0,45.0,230.0,3.22437242006142,2.608708758757833,0.08411448573711418,2.6100644931939327,6.732392421326949e-15,3.7398955396427174,423.2212041198093,425.3086288915708,-1.0428645921192583,1.0445601796423034,12.0,0.0,7.285061929876134e-14,-0.2815754062048695,True,True,True,800.0,5.0,2.0,5.0,data/doe.npz,227,4,40
doe_0228,doe,T003,565.685424949238,-565.6854249492379,800.0,-44.99999999999999,230.0,2.5800342584988405,3.4782783174295533,0.08974077219561952,3.4794358215359926,-3.907985046680551e-16,4.970240962651878,567.0781771652786,-564.2949244970087,1.3927522160405488,1.3905004522292757,16.0,0.0,7.312211295056046e-14,-0.2815754062048695,True,True,True,800.0,5.0,2.0,5.0,data/doe.npz,228,4,40
doe_0229,doe,T004,800.0,0.0,800.0,0.0,230.0,2.579726468280462,3.478278305849516,0.0897300660964572,3.479435533752374,1.4921397450962103e-15,4.970245427238882,800.0015895883838,1.968051006379976,0.0015895883838084046,1.968051006379976,16.0,0.0,7.310869894171168e-14,-0.2815754062048695,True,True,True,800.0,5.0,2.0,5.0,data/doe.npz,229,4,40
doe_0230,doe,T005,565.685424949238,565.6854249492379,800.0,44.99999999999999,230.0,2.5793227422794844,3.4782783430432898,0.08971602434189759,3.4794352087538507,7.531752999057062e-15,4.970237496529798,564.2949372257749,567.0781728099231,-1.3904877234631385,1.3927478606851764,16.0,0.0,7.318006358581073e-14,-0.2815754062048695,True,True,True,800.0,5.0,2.0,5.0,data/doe.npz,230,4,40
doe_0231,doe,T006,707.1067811865476,-707.1067811865474,1000.0,-45.0,230.0,2.143902520298809,4.347847898261954,0.09321362066959685,4.348847046592016,-4.973799150320702e-16,6.200291133712239,708.8477207047513,-705.3686568577766,1.7409395182037315,1.738124328770823,20.0,0.0,7.361212348377917e-14,-0.2815754062048695,True,True,True,800.0,5.0,2.0,5.0,data/doe.npz,231,4,40
doe_0232,doe,T007,1000.0,0.0,1000.0,0.0,230.0,2.1437654404565523,4.3478478884302065,0.09320766043578672,4.348846908845776,1.6697754290362353e-15,6.200296686807751,1000.0019883918582,2.4600640984396245,0.001988391858162686,2.4600640984396245,20.0,0.0,7.348852477424681e-14,-0.2815754062048695,True,True,True,800.0,5.0,2.0,5.0,data/doe.npz,232,4,40
doe_0233,doe,T008,707.1067811865476,707.1067811865474,1000.0,45.0,230.0,2.1435305181925615,4.347847927328969,0.0931974472068992,4.348846728690745,8.952838470577262e-15,6.200288523180408,705.3686702958876,708.8477167640245,-1.738110890659982,1.740935577477103,20.0,0.0,7.334349351665714e-14,-0.2815754062048695,True,True,True,800.0,5.0,2.0,5.0,data/doe.npz,233,4,40
doe_0234,doe,T000,424.26406871192853,-424.2640687119285,600.0,-45.0,230.0,3.0707041315757015,2.6087087363221544,0.08010572694702067,2.609938356623677,6.572520305780927e-16,3.7541500182533887,425.3086335351415,-423.221192137683,1.0445648232129656,1.042876574245497,12.0,0.0,7.333345012958467e-14,-0.2815754062048695,True,True,True,800.0,5.0,5.0,5.0,data/doe.npz,234,4,40
doe_0235,doe,T001,600.0,0.0,600.0,0.0,230.0,3.0700026225638304,2.6087087235507975,0.0800874262280609,2.6099377821839664,1.2434497875801752e-15,3.7541528343870385,600.0011908499172,1.4760378518160306,0.0011908499171795484,1.4760378518160306,12.0,0.0,7.252997976969525e-14,-0.2815754062048695,True,True,True,800.0,5.0,5.0,5.0,data/doe.npz,235,4,40
doe_0236,doe,T002,424.26406871192853,424.2640687119285,600.0,45.0,230.0,3.0692030834933046,2.608708759032533,0.08006656967158642,2.6099371776966427,2.220446049250313e-15,3.7541387263950687,423.2212041540463,425.30862894663426,-1.0428645578822398,1.0445602347057843,12.0,0.0,7.293900296294686e-14,-0.2815754062048695,True,True,True,800.0,5.0,5.0,5.0,data/doe.npz,236,4,40
doe_0237,doe,T003,565.685424949238,-565.6854249492379,800.0,-44.99999999999999,230.0,2.457716398758278,3.4782783171604357,0.08548621659530549,3.4793286895147895,1.9539925233402755e-16,4.985117425465215,567.0781771090025,-564.2949244658107,1.3927521597644272,1.3905004834272177,16.0,0.0,7.329171961971482e-14,-0.2815754062048695,True,True,True,800.0,5.0,5.0,5.0,data/doe.npz,237,4,40
doe_0238,doe,T004,800.0,0.0,800.0,0.0,230.0,2.457420344424503,3.4782783059256785,0.08547591872552159,3.4793284251860506,2.255973186038318e-15,4.985122470075236,800.0015896060534,1.9680509445033452,0.0015896060533577838,1.9680509445033452,16.0,0.0,7.313265263300491e-14,-0.2815754062048695,True,True,True,800.0,5.0,5.0,5.0,data/doe.npz,238,4,40
doe_0239,doe,T005,565.685424949238,565.6854249492379,800.0,44.99999999999999,230.0,2.4570226752625848,3.4782783433124482,0.08546208760393463,3.4793281227112374,2.415845301584341e-15,4.985111130188589,564.2949372569876,567.0781728661976,-1.3904876922504172,1.3927479169597063,16.0,0.0,7.31322384323839e-14,-0.2815754062048695,True,True,True,800.0,5.0,5.0,5.0,data/doe.npz,239,4,40
doe_0240,doe,T006,707.1067811865476,-707.1067811865474,1000.0,-45.0,230.0,2.0442202642758587,4.347847897997967,0.0888795877907664,4.348756311188443,6.394884621840901e-16,6.215476616258031,708.8477206485042,-705.3686568282225,1.7409394619566,1.738124358324967,20.0,0.0,7.353166726509026e-14,-0.2815754062048695,True,True,True,800.0,5.0,5.0,5.0,data/doe.npz,240,4,40
doe_0241,doe,T007,1000.0,0.0,1000.0,0.0,230.0,2.0440880645137263,4.347847888511415,0.0888738397522739,4.348756184053269,2.0961010704922954e-15,6.215482854509081,1000.0019884106855,2.4600640377497,0.0019884106854988204,2.4600640377497,20.0,0.0,7.352953811520355e-14,-0.2815754062048695,True,True,True,800.0,5.0,5.0,5.0,data/doe.npz,241,4,40
doe_0242,doe,T008,707.1067811865476,707.1067811865474,1000.0,45.0,230.0,2.043852857130118,4.347847927592997,0.0888636140917821,4.348756013994052,3.641531520770513e-15,6.215472271243872,705.3686703254515,708.8477168202751,-1.738110861096061,1.740935633727645,20.0,0.0,7.346412306426123e-14,-0.2815754062048695,True,True,True,800.0,5.0,5.0,5.0,data/doe.npz,242,4,40
