ctl_design_hz,ctl_k3,ctl_k5,mean_thd,max_thd,guard_pass,guard_fail,gain_sum
800.0,5.0,5.0,2.523803382444212,3.0707041315757015,9,0,10.0
800.0,5.0,2.0,2.6495331394846695,3.225941347808282,9,0,7.0
800.0,5.0,0.0,2.8148832393037098,3.429365832222785,9,0,5.0
650.0,5.0,5.0,2.846279366194413,3.4523679780195082,9,0,10.0
800.0,2.0,5.0,2.9193645627459173,3.5827186907716504,9,0,7.0
650.0,5.0,2.0,3.0058119946403368,3.6482124537785046,9,0,7.0
800.0,2.0,2.0,3.02811955114279,3.715170233693863,9,0,4.0
800.0,2.0,0.0,3.1709146962121944,3.888635267044801,9,0,2.0
650.0,5.0,0.0,3.23722629535571,3.930947860793167,9,0,5.0
500.0,5.0,5.0,3.2555908798276065,3.934293871825462,9,0,10.0
650.0,2.0,5.0,3.35988339562771,4.116554565219228,9,0,7.0
500.0,5.0,2.0,3.463845089852123,4.187926928369201,9,0,7.0
800.0,0.0,5.0,3.398384032062587,4.197453187321982,9,0,5.0
650.0,2.0,2.0,3.495207871142164,4.279840321530835,9,0,4.0
800.0,0.0,2.0,3.49338523962819,4.311639772370448,9,0,2.0
800.0,0.0,0.0,3.6166140754048004,4.459395495629358,9,0,0.0
650.0,2.0,0.0,3.690182688322209,4.514296620789899,9,0,2.0
500.0,5.0,0.0,3.8052242764357964,4.601040769139564,9,0,5.0
500.0,2.0,5.0,3.948450033033408,4.828816093307831,9,0,7.0
650.0,0.0,5.0,4.040381863377932,4.98734297773651,9,0,5.0
500.0,2.0,2.0,4.12070345660794,5.033904162159657,9,0,4.0
650.0,0.0,2.0,4.156803851072999,5.125368754020119,9,0,2.0
650.0,0.0,0.0,4.319860920154898,5.317928752448903,9,0,0.0
500.0,2.0,0.0,4.398098541874269,5.362677452904065,9,0,2.0
500.0,0.0,5.0,4.979786365011088,6.142703142268636,9,0,5.0
500.0,0.0,2.0,5.127175521214014,6.313933620422035,9,0,2.0
500.0,0.0,0.0,5.348967176909375,6.569754496221611,9,0,0.0
