case_id,p,q,vrms,vdc,lf,lg,rf,rg,dead_us,zero_a,v3,v5,offset_a,adc_step,shape,bus_ripple
M000,262.50000000000006,-454.66333698683025,207,400.0,0.0015,0.0002,0.15,0.1,0.2,0.25,0.0,0.0,0.0,0.0,0,0.0
M001,262.50000000000006,-454.66333698683025,230,400.0,0.0015,0.0002,0.15,0.1,0.2,0.25,0.0,0.0,0.0,0.0,0,0.0
M002,262.50000000000006,-454.66333698683025,253,400.0,0.0015,0.0002,0.15,0.1,0.2,0.25,0.0,0.0,0.0,0.0,0,0.0
M003,454.6633369868303,-262.49999999999994,207,400.0,0.0015,0.0002,0.15,0.1,0.2,0.25,0.0,0.0,0.0,0.0,0,0.0
M004,454.6633369868303,-262.49999999999994,230,400.0,0.0015,0.0002,0.15,0.1,0.2,0.25,0.0,0.0,0.0,0.0,0,0.0
M005,454.6633369868303,-262.49999999999994,253,400.0,0.0015,0.0002,0.15,0.1,0.2,0.25,0.0,0.0,0.0,0.0,0,0.0
M006,525.0,0.0,207,400.0,0.0015,0.0002,0.15,0.1,0.2,0.25,0.0,0.0,0.0,0.0,0,0.0
M007,525.0,0.0,230,400.0,0.0015,0.0002,0.15,0.1,0.2,0.25,0.0,0.0,0.0,0.0,0,0.0
M008,525.0,0.0,253,400.0,0.0015,0.0002,0.15,0.1,0.2,0.25,0.0,0.0,0.0,0.0,0,0.0
M009,454.6633369868303,262.49999999999994,207,400.0,0.0015,0.0002,0.15,0.1,0.2,0.25,0.0,0.0,0.0,0.0,0,0.0
M010,454.6633369868303,262.49999999999994,230,400.0,0.0015,0.0002,0.15,0.1,0.2,0.25,0.0,0.0,0.0,0.0,0,0.0
M011,454.6633369868303,262.49999999999994,253,400.0,0.0015,0.0002,0.15,0.1,0.2,0.25,0.0,0.0,0.0,0.0,0,0.0
M012,262.50000000000006,454.66333698683025,207,400.0,0.0015,0.0002,0.15,0.1,0.2,0.25,0.0,0.0,0.0,0.0,0,0.0
M013,262.50000000000006,454.66333698683025,230,400.0,0.0015,0.0002,0.15,0.1,0.2,0.25,0.0,0.0,0.0,0.0,0,0.0
M014,262.50000000000006,454.66333698683025,253,400.0,0.0015,0.0002,0.15,0.1,0.2,0.25,0.0,0.0,0.0,0.0,0,0.0
M015,350.00000000000006,-606.217782649107,207,400.0,0.0015,0.0002,0.15,0.1,0.2,0.25,0.0,0.0,0.0,0.0,0,0.0
M016,350.00000000000006,-606.217782649107,230,400.0,0.0015,0.0002,0.15,0.1,0.2,0.25,0.0,0.0,0.0,0.0,0,0.0
M017,350.00000000000006,-606.217782649107,253,400.0,0.0015,0.0002,0.15,0.1,0.2,0.25,0.0,0.0,0.0,0.0,0,0.0
M018,606.2177826491071,-349.99999999999994,207,400.0,0.0015,0.0002,0.15,0.1,0.2,0.25,0.0,0.0,0.0,0.0,0,0.0
M019,606.2177826491071,-349.99999999999994,230,400.0,0.0015,0.0002,0.15,0.1,0.2,0.25,0.0,0.0,0.0,0.0,0,0.0
M020,606.2177826491071,-349.99999999999994,253,400.0,0.0015,0.0002,0.15,0.1,0.2,0.25,0.0,0.0,0.0,0.0,0,0.0
M021,700.0,0.0,207,400.0,0.0015,0.0002,0.15,0.1,0.2,0.25,0.0,0.0,0.0,0.0,0,0.0
M022,700.0,0.0,230,400.0,0.0015,0.0002,0.15,0.1,0.2,0.25,0.0,0.0,0.0,0.0,0,0.0
M023,700.0,0.0,253,400.0,0.0015,0.0002,0.15,0.1,0.2,0.25,0.0,0.0,0.0,0.0,0,0.0
M024,606.2177826491071,349.99999999999994,207,400.0,0.0015,0.0002,0.15,0.1,0.2,0.25,0.0,0.0,0.0,0.0,0,0.0
M025,606.2177826491071,349.99999999999994,230,400.0,0.0015,0.0002,0.15,0.1,0.2,0.25,0.0,0.0,0.0,0.0,0,0.0
M026,606.2177826491071,349.99999999999994,253,400.0,0.0015,0.0002,0.15,0.1,0.2,0.25,0.0,0.0,0.0,0.0,0,0.0
M027,350.00000000000006,606.217782649107,207,400.0,0.0015,0.0002,0.15,0.1,0.2,0.25,0.0,0.0,0.0,0.0,0,0.0
M028,350.00000000000006,606.217782649107,230,400.0,0.0015,0.0002,0.15,0.1,0.2,0.25,0.0,0.0,0.0,0.0,0,0.0
M029,350.00000000000006,606.217782649107,253,400.0,0.0015,0.0002,0.15,0.1,0.2,0.25,0.0,0.0,0.0,0.0,0,0.0
M030,437.5000000000001,-757.7722283113837,207,400.0,0.0015,0.0002,0.15,0.1,0.2,0.25,0.0,0.0,0.0,0.0,0,0.0
M031,437.5000000000001,-757.7722283113837,230,400.0,0.0015,0.0002,0.15,0.1,0.2,0.25,0.0,0.0,0.0,0.0,0,0.0
M032,437.5000000000001,-757.7722283113837,253,400.0,0.0015,0.0002,0.15,0.1,0.2,0.25,0.0,0.0,0.0,0.0,0,0.0
M033,757.7722283113839,-437.49999999999994,207,400.0,0.0015,0.0002,0.15,0.1,0.2,0.25,0.0,0.0,0.0,0.0,0,0.0
M034,757.7722283113839,-437.49999999999994,230,400.0,0.0015,0.0002,0.15,0.1,0.2,0.25,0.0,0.0,0.0,0.0,0,0.0
M035,757.7722283113839,-437.49999999999994,253,400.0,0.0015,0.0002,0.15,0.1,0.2,0.25,0.0,0.0,0.0,0.0,0,0.0
M036,875.0,0.0,207,400.0,0.0015,0.0002,0.15,0.1,0.2,0.25,0.0,0.0,0.0,0.0,0,0.0
M037,875.0,0.0,230,400.0,0.0015,0.0002,0.15,0.1,0.2,0.25,0.0,0.0,0.0,0.0,0,0.0
M038,875.0,0.0,253,400.0,0.0015,0.0002,0.15,0.1,0.2,0.25,0.0,0.0,0.0,0.0,0,0.0
M039,757.7722283113839,437.49999999999994,207,400.0,0.0015,0.0002,0.15,0.1,0.2,0.25,0.0,0.0,0.0,0.0,0,0.0
M040,757.7722283113839,437.49999999999994,230,400.0,0.0015,0.0002,0.15,0.1,0.2,0.25,0.0,0.0,0.0,0.0,0,0.0
M041,757.7722283113839,437.49999999999994,253,400.0,0.0015,0.0002,0.15,0.1,0.2,0.25,0.0,0.0,0.0,0.0,0,0.0
M042,437.5000000000001,757.7722283113837,207,400.0,0.0015,0.0002,0.15,0.1,0.2,0.25,0.0,0.0,0.0,0.0,0,0.0
M043,437.5000000000001,757.7722283113837,230,400.0,0.0015,0.0002,0.15,0.1,0.2,0.25,0.0,0.0,0.0,0.0,0,0.0
M044,437.5000000000001,757.7722283113837,253,400.0,0.0015,0.0002,0.15,0.1,0.2,0.25,0.0,0.0,0.0,0.0,0,0.0
