run_id_before,group_before,case_id,p_ref_before,q_ref_before,s_va_before,angle_deg_before,vrms_before,thd_pct_before,i1_rms_a_before,ih_rms_a_before,irms_a_before,dc_a_before,peak_a_before,p_w_before,q1_var_before,p_error_w_before,q_error_var_before,pq_tolerance_before,saturation_fraction_before,periodicity_rms_a_before,pll_error_deg_before,thd_pass_before,guard_pass_before,combined_pass_before,ctl_design_hz_before,ctl_k3_before,ctl_k5_before,ctl_res_width_hz_before,wave_file_before,wave_index_before,solver_substeps_before,solver_cycles_before,run_id_after,group_after,p_ref_after,q_ref_after,s_va_after,angle_deg_after,vrms_after,thd_pct_after,i1_rms_a_after,ih_rms_a_after,irms_a_after,dc_a_after,peak_a_after,p_w_after,q1_var_after,p_error_w_after,q_error_var_after,pq_tolerance_after,saturation_fraction_after,periodicity_rms_a_after,pll_error_deg_after,thd_pass_after,guard_pass_after,combined_pass_after,ctl_design_hz_after,ctl_k3_after,ctl_k5_after,ctl_res_width_hz_after,wave_file_after,wave_index_after,solver_substeps_after,solver_cycles_after,delta_pp
baseline_0000,baseline,M000,262.50000000000006,-454.66333698683025,525.0,-59.99999999999999,207,6.715370031364247,2.5362446234935088,0.17031821136817007,2.5419569438180036,-8.526512829121202e-16,3.7263877752549397,263.61903579800963,-454.01847196804226,1.1190357980095769,0.6448650187879821,10.5,0.0,7.10035983916911e-14,-0.28157540620486543,False,True,False,500,0,0,5,data/baseline.npz,0,4,40,improved_0000,improved,262.50000000000006,-454.66333698683025,525.0,-59.99999999999999,207,3.1354165141464274,2.5362446181071596,0.07952183259528188,2.5374909863613633,-7.371880883511039e-16,3.6515298241597254,263.6190283986642,-454.0184749750649,1.1190283986641703,0.6448620117653263,10.5,0.0,6.643133160496273e-14,-0.28157540620486543,True,True,True,800.0,5.0,5.0,5.0,data/improved.npz,0,4,40,3.57995351721782
baseline_0001,baseline,M001,262.50000000000006,-454.66333698683025,525.0,-59.99999999999999,230,7.275649112054802,2.2826201621550966,0.16607543355942117,2.288653722940131,-8.526512829121202e-16,3.3666808510971094,263.6190369966526,-454.01847154093707,1.1190369966525395,0.6448654458931742,10.5,0.0,7.876769307479008e-14,-0.2815754062048695,False,True,False,500,0,0,5,data/baseline.npz,1,4,40,improved_0001,improved,262.50000000000006,-454.66333698683025,525.0,-59.99999999999999,230,3.3842362489772038,2.2826201568980866,0.07724925877620537,2.283926933364651,-6.927791673660977e-16,3.292222338581707,263.6190289181591,-454.01847483344073,1.1190289181590174,0.6448621533895107,10.5,0.0,7.378758556925612e-14,-0.2815754062048695,True,True,True,800.0,5.0,5.0,5.0,data/improved.npz,1,4,40,3.8914128630775986
baseline_0002,baseline,M002,262.50000000000006,-454.66333698683025,525.0,-59.99999999999999,253,7.802126284990804,2.075109239186635,0.16190264339285312,2.0814155818877316,-1.1990408665951691e-15,3.072125061764455,263.61903814602294,-454.01847112628775,1.1190381460228878,0.6448658605424953,10.5,0.0,8.644821916028635e-14,-0.2815754062048703,False,True,False,500,0,0,5,data/baseline.npz,2,4,40,improved_0002,improved,262.50000000000006,-454.66333698683025,525.0,-59.99999999999999,253,3.6181897821593827,2.075109234073683,0.07508139027589981,2.0764670842976507,-8.08242361927114e-16,2.9981026004761504,263.6190294249882,-454.01847469420306,1.1190294249881276,0.644862292627181,10.5,0.0,8.108404055754736e-14,-0.2815754062048703,True,True,True,800.0,5.0,5.0,5.0,data/improved.npz,2,4,40,4.183936502831421
baseline_0003,baseline,M003,454.6633369868303,-262.49999999999994,525.0,-29.999999999999996,207,6.714766891874648,2.5362445636893445,0.17030291025958272,2.5419558589632243,2.842170943040401e-16,3.726411449974615,455.31000556477665,-261.3820092457992,0.6466685779463432,1.1179907542007186,10.5,0.0,6.895190731940843e-14,-0.28157540620486543,False,True,False,500,0,0,5,data/baseline.npz,3,4,40,improved_0003,improved,454.6633369868303,-262.49999999999994,525.0,-29.999999999999996,207,3.1351016073353186,2.536244594050482,0.07951384503403179,2.5374907119918513,1.4210854715202004e-16,3.651509901676712,455.3100085616966,-261.3820166487018,0.646671574866275,1.1179833512981645,10.5,0.0,6.53122019043412e-14,-0.28157540620486543,True,True,True,800.0,5.0,5.0,5.0,data/improved.npz,3,4,40,3.5796652845393293
baseline_0004,baseline,M004,454.6633369868303,-262.49999999999994,525.0,-29.999999999999996,230,7.274700032450874,2.282620103134503,0.16605376538345587,2.288652091823288,5.684341886080802e-16,3.3667007311336627,455.3100051437032,-261.382008045518,0.64666815687292,1.1179919544819654,10.5,0.0,7.644107130424241e-14,-0.2815754062048695,False,True,False,500,0,0,5,data/baseline.npz,4,4,40,improved_0004,improved,454.6633369868303,-262.49999999999994,525.0,-29.999999999999996,230,3.3837497562552263,2.28262013299512,0.07723815318645509,2.283926533868823,5.329070518200751e-17,3.2922007731889322,455.3100084225605,-261.382016128672,0.6466714357301839,1.117983871327965,10.5,0.0,7.255247959086091e-14,-0.2815754062048695,True,True,True,800.0,5.0,5.0,5.0,data/improved.npz,4,4,40,3.890950276195648
baseline_0005,baseline,M005,454.6633369868303,-262.49999999999994,525.0,-29.999999999999996,253,7.800724214438633,2.0751091810056415,0.16187354435874626,2.08141326061451,-2.842170943040401e-16,3.072142162633115,455.31000473628274,-261.3820068942657,0.6466677494524333,1.1179931057342287,10.5,0.0,8.356933876959514e-14,-0.2815754062048703,False,True,False,500,0,0,5,data/baseline.npz,5,4,40,improved_0005,improved,454.6633369868303,-262.49999999999994,525.0,-29.999999999999996,253,3.6174854695063137,2.075109210348151,0.07506677416073158,2.076466532140976,-1.4210854715202004e-16,2.9980799890003373,455.31000828632574,-261.38201562121753,0.6466712994954378,1.1179843787824097,10.5,0.0,7.945062951150939e-14,-0.2815754062048703,True,True,True,800.0,5.0,5.0,5.0,data/improved.npz,5,4,40,4.18323874493232
baseline_0006,baseline,M006,525.0,0.0,525.0,0.0,207,6.71384192039527,2.536244555904244,0.17027945019804194,2.541954279535499,4.973799150320702e-16,3.7264164326816185,525.0010344586904,1.2915300898592283,0.0010344586903556774,1.2915300898592283,10.5,0.0,6.894513862848451e-14,-0.28157540620486543,False,True,False,500,0,0,5,data/baseline.npz,6,4,40,improved_0006,improved,525.0,0.0,525.0,0.0,207,3.134609583164152,2.5362445917062066,0.07950136602410526,2.5374903186191182,1.5454304502782179e-15,3.651520047960353,525.001041862356,1.291533082894291,0.0010418623560326523,1.291533082894291,10.5,0.0,6.51989396432253e-14,-0.28157540620486543,True,True,True,800.0,5.0,5.0,5.0,data/improved.npz,6,4,40,3.579232337231118
baseline_0007,baseline,M007,525.0,0.0,525.0,0.0,230,7.273298748844893,2.2826200950900417,0.16602177881706612,2.2886497632155804,6.927791673660977e-16,3.3667018070318506,525.0010332582477,1.2915296711010877,0.0010332582477303731,1.2915296711010877,10.5,0.0,7.65096972475241e-14,-0.2815754062048695,False,True,False,500,0,0,5,data/baseline.npz,7,4,40,improved_0007,improved,525.0,0.0,525.0,0.0,230,3.3830230152314087,2.2826201302727673,0.07722156435743288,2.2839259701924552,1.1546319456101628e-15,3.292217383151332,525.0010413422461,1.2915329446825619,0.0010413422461397204,1.2915329446825619,10.5,0.0,7.241178038321498e-14,-0.2815754062048695,True,True,True,800.0,5.0,5.0,5.0,data/improved.npz,7,4,40,3.8902757336134846
baseline_0008,baseline,M008,525.0,0.0,525.0,0.0,253,7.798701375382504,2.0751091727999293,0.16183156759983658,2.0814099882726422,0.0,3.0721383561282734,525.0010321069124,1.2915292664846532,0.0010321069123619964,1.2915292664846532,10.5,0.0,8.364930894675651e-14,-0.2815754062048703,False,True,False,500,0,0,5,data/baseline.npz,8,4,40,improved_0008,improved,525.0,0.0,525.0,0.0,253,3.616461611683723,2.0751092073315527,0.07504552788366001,2.0764657611494353,4.796163466380677e-16,2.9981005083483443,525.0010408347232,1.2915328095711305,0.0010408347231987136,1.2915328095711305,10.5,0.0,7.919850698424167e-14,-0.2815754062048703,True,True,True,800.0,5.0,5.0,5.0,data/improved.npz,8,4,40,4.182239763698782
baseline_0009,baseline,M009,454.6633369868303,262.49999999999994,525.0,29.999999999999996,207,6.712853047529975,2.536244608020642,0.17025437346232836,2.541952651808997,1.1546319456101628e-15,3.7263739630286996,454.0184818488739,263.6190124021172,-0.6448551379564265,1.1190124021172778,10.5,0.0,6.951738005162623e-14,-0.28157540620486543,False,True,False,500,0,0,5,data/baseline.npz,9,4,40,improved_0009,improved,454.6633369868303,262.49999999999994,525.0,29.999999999999996,207,3.1340664472262714,2.5362446134561853,0.07948759144991394,2.537489908806565,1.5987211554602255e-15,3.651529886658866,454.0184788524005,263.61901980357436,-0.6448581344297963,1.1190198035744174,10.5,0.0,6.547860200092463e-14,-0.28157540620486543,True,True,True,800.0,5.0,5.0,5.0,data/improved.npz,9,4,40,3.578786600303703
baseline_0010,baseline,M010,454.6633369868303,262.49999999999994,525.0,29.999999999999996,230,7.271839108551169,2.2826201461829836,0.16598846448980206,2.2886473977358075,9.059419880941278e-16,3.366659730225023,454.01848226968866,263.6190112030142,-0.6448547171416408,1.1190112030142814,10.5,0.0,7.696806495631384e-14,-0.2815754062048695,False,True,False,500,0,0,5,data/baseline.npz,10,4,40,improved_0010,improved,454.6633369868303,262.49999999999994,525.0,29.999999999999996,230,3.3822486549196937,2.2826201514989886,0.07720388937100041,2.283925393855889,1.2256862191861727e-15,3.2922195878330247,454.0184789915149,263.6190192838513,-0.6448579953154194,1.119019283851344,10.5,0.0,7.284209686520887e-14,-0.2815754062048695,True,True,True,800.0,5.0,5.0,5.0,data/improved.npz,10,4,40,3.889590453631475
baseline_0011,baseline,M011,454.6633369868303,262.49999999999994,525.0,29.999999999999996,253,7.796627672640037,2.075109222912354,0.1617885399110902,2.081406693224661,-3.552713678800501e-17,3.0720948678413413,454.01848267672045,263.6190100533913,-0.6448543101098494,1.1190100533913778,10.5,0.0,8.43855313108871e-14,-0.2815754062048703,False,True,False,500,0,0,5,data/baseline.npz,11,4,40,improved_0011,improved,454.6633369868303,262.49999999999994,525.0,29.999999999999996,253,3.615394897036486,2.0751092280946564,0.07502339314046742,2.0764649820385888,3.552713678800501e-16,2.9980961047397052,454.018479127702,263.6190187768242,-0.6448578591283081,1.119018776824248,10.5,0.0,8.00372684368168e-14,-0.2815754062048703,True,True,True,800.0,5.0,5.0,5.0,data/improved.npz,11,4,40,4.181232775603551
baseline_0012,baseline,M012,262.50000000000006,454.66333698683025,525.0,59.99999999999999,207,6.71212192107562,2.5362446679534667,0.1702358343298162,2.5419514699514485,2.2382096176443156e-15,3.7263953051192376,261.38203623969036,455.3100149545165,-1.1179637603096921,0.6466779676862302,10.5,0.0,7.029965170045572e-14,-0.28157540620486543,False,True,False,500,0,0,5,data/baseline.npz,12,4,40,improved_0012,improved,262.50000000000006,454.66333698683025,525.0,59.99999999999999,207,3.1336483849745114,2.5362446375673984,0.07947698912413342,2.537489600791627,2.2026824808563106e-15,3.6514883279970416,261.3820288427826,455.31001194820476,-1.1179711572174824,0.6466749613745151,10.5,0.0,6.608983034904124e-14,-0.28157540620486543,True,True,True,800.0,5.0,5.0,5.0,data/improved.npz,12,4,40,3.5784735361011086
baseline_0013,baseline,M013,262.50000000000006,454.66333698683025,525.0,59.99999999999999,230,7.270773264391571,2.282620205357313,0.1659641396187195,2.288645692666947,1.6697754290362353e-15,3.366678279681653,261.3820374363148,455.3100153812124,-1.1179625636852393,0.6466783943821497,10.5,0.0,7.793029253898507e-14,-0.2815754062048695,False,True,False,500,0,0,5,data/baseline.npz,13,4,40,improved_0013,improved,262.50000000000006,454.66333698683025,525.0,59.99999999999999,230,3.3816658675738585,2.2826201754679807,0.07719058736015522,2.283924968191466,1.5987211554602255e-15,3.2921736759365743,261.38202936175674,455.3100120898052,-1.117970638243321,0.6466751029749389,10.5,0.0,7.347472235331156e-14,-0.2815754062048695,True,True,True,800.0,5.0,5.0,5.0,data/improved.npz,13,4,40,3.8891073968177126
baseline_0014,baseline,M014,262.50000000000006,454.66333698683025,525.0,59.99999999999999,253,7.795124047957809,2.075109281273074,0.16175734260592184,2.0814043266571973,1.5187850976872141e-15,3.0721112913004416,261.382038582883,455.31001579523945,-1.1179614171170442,0.6466788084092059,10.5,0.0,8.555225295050306e-14,-0.2815754062048703,False,True,False,500,0,0,5,data/baseline.npz,14,4,40,improved_0014,improved,262.50000000000006,454.66333698683025,525.0,59.99999999999999,253,3.6146037180978774,2.075109251898447,0.07500697617371431,2.0764644127363026,1.4566126083082053e-15,2.998046188155487,261.3820298678562,455.3100122289812,-1.1179701321438529,0.6466752421509341,10.5,0.0,8.063214329504283e-14,-0.2815754062048703,True,True,True,800.0,5.0,5.0,5.0,data/improved.npz,14,4,40,4.180520329859931
baseline_0015,baseline,M015,350.00000000000006,-606.217782649107,700.0,-59.99999999999999,207,5.3219203249446805,3.381659494278064,0.17996922394640577,3.386445039747579,-7.815970093361102e-16,4.92401883662955,351.49204390287576,-605.3579639577888,1.4920439028757073,0.8598186913181962,14.0,0.0,7.105403349865944e-14,-0.28157540620486543,False,True,False,500,0,0,5,data/baseline.npz,15,4,40,improved_0015,improved,350.00000000000006,-606.217782649107,700.0,-59.99999999999999,207,2.5138255185043192,3.3816594887009965,0.08500901917588834,3.382727832823584,-7.815970093361102e-16,4.848415622238139,351.49203624834263,-605.3579670673313,1.492036248342572,0.859815581775706,14.0,0.0,6.64491576730091e-14,-0.28157540620486543,True,True,True,800.0,5.0,5.0,5.0,data/improved.npz,15,4,40,2.8080948064403612
baseline_0016,baseline,M016,350.00000000000006,-606.217782649107,700.0,-59.99999999999999,230,5.807883647499425,3.043493546032069,0.17676256397269693,3.048622318845097,-1.2434497875801752e-15,4.44515079025736,351.4920452151215,-605.3579635101668,1.4920452151214363,0.8598191389402245,14.0,0.0,7.882167141937667e-14,-0.2815754062048695,False,True,False,500,0,0,5,data/baseline.npz,16,4,40,improved_0016,improved,350.00000000000006,-606.217782649107,700.0,-59.99999999999999,230,2.7313693017812524,3.0434935404854286,0.08312904826651436,3.044628623693873,-6.572520305780927e-16,4.369771849453502,351.4920367962429,-605.3579669232803,1.4920367962428713,0.8598157258267065,14.0,0.0,7.382137469363958e-14,-0.2815754062048695,True,True,True,800.0,5.0,5.0,5.0,data/improved.npz,16,4,40,3.0765143457181727
baseline_0017,baseline,M017,350.00000000000006,-606.217782649107,700.0,-59.99999999999999,253,6.272278050570989,2.7668123156007214,0.17354216157191898,2.772249503613031,-1.5987211554602255e-15,4.053185652987579,351.49204649276203,-605.3579630685193,1.4920464927619719,0.8598195805876685,14.0,0.0,8.673512366441336e-14,-0.2815754062048703,False,True,False,500,0,0,5,data/baseline.npz,17,4,40,improved_0017,improved,350.00000000000006,-606.217782649107,700.0,-59.99999999999999,253,2.938425703807374,2.766812310112575,0.08130072409645449,2.76800654096751,-9.414691248821328e-16,3.978056627737658,351.4920373356063,-605.3579667798964,1.4920373356062555,0.8598158692105926,14.0,0.0,8.116987015375065e-14,-0.2815754062048703,True,True,True,800.0,5.0,5.0,5.0,data/improved.npz,17,4,40,3.3338523467636154
baseline_0018,baseline,M018,606.2177826491071,-349.99999999999994,700.0,-29.999999999999996,207,5.32171210042128,3.3816594330130405,0.17996217924169264,3.3864446041420546,1.2434497875801754e-16,4.924057486412628,607.0800087438506,-348.5093494915364,0.8622260947435052,1.4906505084635455,14.0,0.0,7.023958262784546e-14,-0.28157540620486543,False,True,False,500,0,0,5,data/baseline.npz,18,4,40,improved_0018,improved,606.2177826491071,-349.99999999999994,700.0,-29.999999999999996,207,2.513710710171321,3.381659464425559,0.08500513613878741,3.382727710932703,7.105427357601002e-17,4.848404720912682,607.0800118455744,-348.5093571490131,0.8622291964672968,1.4906428509868306,14.0,0.0,6.591226716425428e-14,-0.28157540620486543,True,True,True,800.0,5.0,5.0,5.0,data/improved.npz,18,4,40,2.808001390249959
baseline_0019,baseline,M019,606.2177826491071,-349.99999999999994,700.0,-29.999999999999996,230,5.807520669797701,3.0434934851981423,0.17675151323682856,3.048621617363534,3.1974423109204507e-16,4.445181660978796,607.0800083009483,-348.5093481778985,0.8622256518411859,1.4906518221014267,14.0,0.0,7.81831503058865e-14,-0.2815754062048695,False,True,False,500,0,0,5,data/baseline.npz,19,4,40,improved_0019,improved,606.2177826491071,-349.99999999999994,700.0,-29.999999999999996,230,2.7311702030010205,3.043493516260112,0.08312298804636421,3.044628433978128,3.730349362740526e-16,4.369757960188329,607.0800117034399,-348.509356600678,0.862229054332829,1.4906433993219252,14.0,0.0,7.351770703066165e-14,-0.2815754062048695,True,True,True,800.0,5.0,5.0,5.0,data/improved.npz,19,4,40,3.0763504667966806
baseline_0020,baseline,M020,606.2177826491071,-349.99999999999994,700.0,-29.999999999999996,253,6.271708476641409,2.7668122552592025,0.17352639874584475,2.7722484566602437,-3.1974423109204507e-16,4.0532106478513175,607.0800078649919,-348.50934689862333,0.8622252158847914,1.4906531013766084,14.0,0.0,8.486762139688925e-14,-0.2815754062048703,False,True,False,500,0,0,5,data/baseline.npz,20,4,40,improved_0020,improved,606.2177826491071,-349.99999999999994,700.0,-29.999999999999996,253,2.938117541949242,2.7668122859632422,0.08129219712669285,2.7680062663586256,-1.5987211554602254e-16,3.9780405673258334,607.080011562378,-348.5093560607978,0.8622289132708829,1.4906439392021298,14.0,0.0,8.020374415539349e-14,-0.2815754062048703,True,True,True,800.0,5.0,5.0,5.0,data/improved.npz,20,4,40,3.3335909346921673
baseline_0021,baseline,M021,700.0,0.0,700.0,0.0,207,5.321333690073601,3.3816594263943216,0.17994938234027072,3.3864439174364964,1.2079226507921704e-15,4.924066475140601,700.00138310907,1.7220414403257747,0.0013831090700477944,1.7220414403257747,14.0,0.0,6.982685360642165e-14,-0.28157540620486543,False,True,False,500,0,0,5,data/baseline.npz,21,4,40,improved_0021,improved,700.0,0.0,700.0,0.0,207,2.513495111381188,3.3816594634276695,0.08499784529681378,3.382727526671572,1.5276668818842154e-15,4.84838645468599,700.0013907673733,1.722044539056331,0.0013907673733228876,1.722044539056331,14.0,0.0,6.549510640985297e-14,-0.28157540620486543,True,True,True,800.0,5.0,5.0,5.0,data/improved.npz,21,4,40,2.807838578692413
baseline_0022,baseline,M022,700.0,0.0,700.0,0.0,230,5.8069269929583145,3.0434934780374774,0.17673344430508411,3.0486205626280927,9.592326932761353e-16,4.445189615483023,700.0013817951465,1.722040999203504,0.0013817951464716316,1.722040999203504,14.0,0.0,7.732951046339109e-14,-0.2815754062048695,False,True,False,500,0,0,5,data/baseline.npz,22,4,40,improved_0022,improved,700.0,0.0,700.0,0.0,230,2.730838822174109,3.0434935146989,0.08311290244974884,3.044628157028084,1.5987211554602255e-15,4.369750968922867,700.0013902189389,1.7220443976262578,0.0013902189389227715,1.7220443976262578,14.0,0.0,7.285559166148347e-14,-0.2815754062048695,True,True,True,800.0,5.0,5.0,5.0,data/improved.npz,22,4,40,3.0760881707842054
baseline_0023,baseline,M023,700.0,0.0,700.0,0.0,253,6.2708293102654356,2.7668122476995944,0.17350207338876006,2.772246926563958,1.7763568394002506e-16,4.05321668929168,700.0013805155872,1.722040565405458,0.0013805155872432806,1.722040565405458,14.0,0.0,8.462371115142717e-14,-0.2815754062048703,False,True,False,500,0,0,5,data/baseline.npz,23,4,40,improved_0023,improved,700.0,0.0,700.0,0.0,253,2.9376370905284865,2.7668122839542177,0.08127890387873744,2.7680058739360263,4.618527782440651e-16,3.978042176541121,700.0013896789521,1.7220442574199692,0.0013896789521368191,1.7220442574199692,14.0,0.0,8.003179822891e-14,-0.2815754062048703,True,True,True,800.0,5.0,5.0,5.0,data/improved.npz,23,4,40,3.333192219736949
baseline_0024,baseline,M024,606.2177826491071,349.99999999999994,700.0,29.999999999999996,207,5.320888686445541,3.3816594811177763,0.17993433674490875,3.386443172554732,2.291500322826323e-15,4.924014063230645,605.3579744746494,351.492020364929,-0.8598081744577257,1.492020364929033,14.0,0.0,6.990113640753195e-14,-0.28157540620486543,False,True,False,500,0,0,5,data/baseline.npz,24,4,40,improved_0024,improved,606.2177826491071,349.99999999999994,700.0,29.999999999999996,207,2.5132274299433424,3.381659486734297,0.08498879380788758,3.382727322489426,2.6290081223123707e-15,4.848419609040693,605.3579713732273,351.49202802174136,-0.8598112758797924,1.4920280217414188,14.0,0.0,6.583951592733406e-14,-0.28157540620486543,True,True,True,800.0,5.0,5.0,5.0,data/improved.npz,24,4,40,2.807661256502199
baseline_0025,baseline,M025,606.2177826491071,349.99999999999994,700.0,29.999999999999996,230,5.806269817725144,3.043493531804275,0.17671344634156863,3.0486194570089786,1.5276668818842154e-15,4.445141987599685,605.3579749174378,351.49201905188653,-0.8598077316693207,1.4920190518865866,14.0,0.0,7.768192543180457e-14,-0.2815754062048695,False,True,False,500,0,0,5,data/baseline.npz,25,4,40,improved_0025,improved,606.2177826491071,349.99999999999994,700.0,29.999999999999996,230,2.7304574523002767,3.043493537398535,0.0831012961021756,3.0446278628567915,1.758593271006248e-15,4.3697746549982295,605.357971515366,351.4920274735616,-0.8598111337411183,1.4920274735616772,14.0,0.0,7.316470394519527e-14,-0.2815754062048695,True,True,True,800.0,5.0,5.0,5.0,data/improved.npz,25,4,40,3.0758123654248672
baseline_0026,baseline,M026,606.2177826491071,349.99999999999994,700.0,29.999999999999996,253,6.269891143380322,2.7668123005925254,0.17347611938880808,2.772245355100996,4.440892098500626e-16,4.053171946520279,605.3579753532256,351.492017773449,-0.8598072958815237,1.4920177734490494,14.0,0.0,8.523819807436398e-14,-0.2815754062048703,False,True,False,500,0,0,5,data/baseline.npz,26,4,40,improved_0026,improved,606.2177826491071,349.99999999999994,700.0,29.999999999999996,253,2.937109676718305,2.7668123061370364,0.08126431198018379,2.7680054676335955,9.414691248821328e-16,3.9780578460679332,605.3579716564255,351.4920269338993,-0.8598109926815596,1.4920269338993535,14.0,0.0,8.025788714805773e-14,-0.2815754062048703,True,True,True,800.0,5.0,5.0,5.0,data/improved.npz,26,4,40,3.3327814666620172
baseline_0027,baseline,M027,350.00000000000006,606.217782649107,700.0,59.99999999999999,207,5.32054695652094,3.3816595424859273,0.17992278386763494,3.3864426199618207,3.232969447708456e-15,4.924047950579064,348.50937782802407,607.0800186060922,-1.4906221719759856,0.8622359569851596,14.0,0.0,7.049491842756546e-14,-0.28157540620486543,False,True,False,500,0,0,5,data/baseline.npz,27,4,40,improved_0027,improved,350.00000000000006,606.217782649107,700.0,59.99999999999999,207,2.513007664874838,3.3816595110522982,0.08498136271271323,3.3827271600667683,2.504663143554353e-15,4.848388796750828,348.50937017457227,607.0800154970191,-1.4906298254277885,0.8622328479120824,14.0,0.0,6.623528500289691e-14,-0.28157540620486543,True,True,True,800.0,5.0,5.0,5.0,data/improved.npz,27,4,40,2.807539291646102
baseline_0028,baseline,M028,350.00000000000006,606.217782649107,700.0,59.99999999999999,230,5.805779531552056,3.0434935927629025,0.17669852805272687,3.0486186531289676,2.8244073746463984e-15,4.44516971320318,348.5093791392658,607.0800190535457,-1.490620860734282,0.8622364044387041,14.0,0.0,7.863476948403937e-14,-0.2815754062048695,False,True,False,500,0,0,5,data/baseline.npz,28,4,40,improved_0028,improved,350.00000000000006,606.217782649107,700.0,59.99999999999999,230,2.7301574342256725,3.0434935616757564,0.08309216573427036,3.0446276378942287,2.415845301584341e-15,4.369738976255629,348.50937072221495,607.0800156410883,-1.4906292777851036,0.8622329919812728,14.0,0.0,7.359986267352602e-14,-0.2815754062048695,True,True,True,800.0,5.0,5.0,5.0,data/improved.npz,28,4,40,3.0756220973263835
baseline_0029,baseline,M029,350.00000000000006,606.217782649107,700.0,59.99999999999999,253,6.269203298789729,2.766812361081643,0.17345709181225233,2.772244224843367,2.1316282072803005e-15,4.053195201799268,348.5093804154833,607.0800194949395,-1.4906195845167645,0.8622368458325127,14.0,0.0,8.600635005146769e-14,-0.2815754062048703,False,True,False,500,0,0,5,data/baseline.npz,29,4,40,improved_0029,improved,350.00000000000006,606.217782649107,700.0,59.99999999999999,253,2.936706504344718,2.766812330348348,0.0812531576683516,2.7680051643544115,1.8829382497642656e-15,3.9780177690714087,348.5093712612135,607.0800157844811,-1.4906287387865405,0.8622331353741401,14.0,0.0,8.07499542032746e-14,-0.2815754062048703,True,True,True,800.0,5.0,5.0,5.0,data/improved.npz,29,4,40,3.332496794445011
baseline_0030,baseline,M030,437.5000000000001,-757.7722283113837,875.0,-59.99999999999999,207,4.390478668667005,4.2270743647110365,0.1855887982913294,4.231146584885409,-1.2612133559741778e-15,6.1206034012276325,439.36505182307667,-756.697455970602,1.8650518230765556,1.074772340781692,17.5,0.0,7.096094382122731e-14,-0.28157540620486543,True,True,True,500,0,0,5,data/baseline.npz,30,4,40,improved_0030,improved,437.5000000000001,-757.7722283113837,875.0,-59.99999999999999,207,2.093387251929566,4.227074359184511,0.08848903576475194,4.22800052132958,-9.059419880941278e-16,6.044669127661914,439.36504405244443,-756.6974591596534,1.8650440524443184,1.0747691517303792,17.5,0.0,6.649219707286446e-14,-0.28157540620486543,True,True,True,800.0,5.0,5.0,5.0,data/improved.npz,30,4,40,2.297091416737439
baseline_0031,baseline,M031,437.5000000000001,-757.7722283113837,875.0,-59.99999999999999,230,4.8137157999543145,3.804366929533748,0.18313141197520286,3.8087721325883535,-8.704148513061227e-16,5.522391232340729,439.3650531979685,-756.6974555163943,1.8650531979683933,1.0747727949894852,17.5,0.0,7.91372595262945e-14,-0.2815754062048695,True,True,True,500,0,0,5,data/baseline.npz,31,4,40,improved_0031,improved,437.5000000000001,-757.7722283113837,875.0,-59.99999999999999,230,2.2850927216744976,3.804366923955925,0.08693331168510882,3.8053600848622753,-1.403321903126198e-15,5.446593066023165,439.3650446157289,-756.6974590160672,1.8650446157287774,1.0747692953165142,17.5,0.0,7.41416471272112e-14,-0.2815754062048695,True,True,True,800.0,5.0,5.0,5.0,data/improved.npz,31,4,40,2.528623078279817
baseline_0032,baseline,M032,437.5000000000001,-757.7722283113837,875.0,-59.99999999999999,253,5.222222261179353,3.4585153916206175,0.18061136068752617,3.463228169180206,-2.0605739337042904e-15,5.032829419850095,439.3650545474443,-756.6974550650066,1.8650545474441742,1.0747732463771626,17.5,0.0,8.679046398654598e-14,-0.2815754062048703,False,True,False,500,0,0,5,data/baseline.npz,32,4,40,improved_0032,improved,437.5000000000001,-757.7722283113837,875.0,-59.99999999999999,253,2.4690830603551945,3.4585153860287683,0.08539361753621438,3.459569471069752,-1.2256862191861727e-15,4.957186533510494,439.36504517278775,-756.6974588723338,1.8650451727876316,1.0747694390499873,17.5,0.0,8.116615955505428e-14,-0.2815754062048703,True,True,True,800.0,5.0,5.0,5.0,data/improved.npz,32,4,40,2.7531392008241586
baseline_0033,baseline,M033,757.7722283113839,-437.49999999999994,875.0,-29.999999999999996,207,4.390416679368677,4.2270743028828575,0.18558617524307622,4.231146407978706,4.618527782440651e-16,6.120663141369246,758.8500119474319,-435.6366899216453,1.077783636048025,1.8633100783546297,17.5,0.0,7.06050524855961e-14,-0.28157540620486543,True,True,True,500,0,0,5,data/baseline.npz,33,4,40,improved_0033,improved,757.7722283113839,-437.49999999999994,875.0,-29.999999999999996,207,2.093353172991218,4.227074334912815,0.08848759471459482,4.228000466830572,7.105427357601002e-16,6.044667710095659,758.8500151301309,-435.6366976947829,1.0777868187470858,1.8633023052170188,17.5,0.0,6.605003178443852e-14,-0.28157540620486543,True,True,True,800.0,5.0,5.0,5.0,data/improved.npz,33,4,40,2.297063506377459
baseline_0034,baseline,M034,757.7722283113839,-437.49999999999994,875.0,-29.999999999999996,230,4.813574462133206,3.8043668679177394,0.18312603199994523,3.8087718122904857,6.750155989720952e-16,5.522439319111962,758.8500114970861,-435.6366885455624,1.0777831857022875,1.8633114544375644,17.5,0.0,7.864171282000527e-14,-0.2815754062048695,True,True,True,500,0,0,5,data/baseline.npz,34,4,40,improved_0034,improved,757.7722283113839,-437.49999999999994,875.0,-29.999999999999996,230,2.2850119482061304,3.804366899665893,0.0869302382109648,3.8053599903077164,1.4210854715202004e-16,5.446587534069874,758.8500149881002,-435.63669713113825,1.0777866767163005,1.8633028688616946,17.5,0.0,7.368599140540034e-14,-0.2815754062048695,True,True,True,800.0,5.0,5.0,5.0,data/improved.npz,34,4,40,2.528562513927076
baseline_0035,baseline,M035,757.7722283113839,-437.49999999999994,875.0,-29.999999999999996,253,5.221972827338855,3.4585153302810343,0.18060273077662428,3.4632276578072307,-2.842170943040401e-16,5.032868453802111,758.8500110503728,-435.63668719467245,1.077782738988958,1.8633128053274959,17.5,0.0,8.636686851059897e-14,-0.2815754062048703,False,True,False,500,0,0,5,data/baseline.npz,35,4,40,improved_0035,improved,757.7722283113839,-437.49999999999994,875.0,-29.999999999999996,253,2.4689408063063425,3.4585153617493365,0.08538869705860279,3.459569325292332,-7.638334409421077e-16,4.957177842175298,758.850014846255,-435.6366965736459,1.0777865348711657,1.8633034263540367,17.5,0.0,8.088294513674447e-14,-0.2815754062048703,True,True,True,800.0,5.0,5.0,5.0,data/improved.npz,35,4,40,2.7530320210325128
baseline_0036,baseline,M036,875.0,0.0,875.0,0.0,207,4.390242972344182,4.227074297775922,0.1855788322938746,4.231146080691459,1.7763568394002505e-15,6.120670845412145,875.0017319439337,2.1525528158765117,0.001731943933691582,2.1525528158765117,17.5,0.0,7.029076119770061e-14,-0.28157540620486543,True,True,True,500,0,0,5,data/baseline.npz,36,4,40,improved_0036,improved,875.0,0.0,875.0,0.0,207,2.0932499015692834,4.227074335368806,0.08848322936436796,4.228000375827077,1.9895196601282807e-15,6.044619213337631,875.0017397178608,2.152555996133276,0.001739717860800738,2.152555996133276,17.5,0.0,6.579853762496483e-14,-0.28157540620486543,True,True,True,800.0,5.0,5.0,5.0,data/improved.npz,36,4,40,2.2969930707748984
baseline_0037,baseline,M037,875.0,0.0,875.0,0.0,230,4.81328866707831,3.804366862009239,0.1831151590231734,3.808771283523291,9.947598300641404e-16,5.522447904528305,875.0017305675432,2.1525523669806796,0.0017305675431771306,2.1525523669806796,17.5,0.0,7.82940462358555e-14,-0.2815754062048695,True,True,True,500,0,0,5,data/baseline.npz,37,4,40,improved_0037,improved,875.0,0.0,875.0,0.0,230,2.2848441041245797,3.8043668993793713,0.08692385279973666,3.8053598440775076,1.4921397450962103e-15,5.446553835650079,875.0017391541196,2.1525558546729293,0.001739154119604791,2.1525558546729293,17.5,0.0,7.328172842189434e-14,-0.2815754062048695,True,True,True,800.0,5.0,5.0,5.0,data/improved.npz,37,4,40,2.52844456295373
baseline_0038,baseline,M038,875.0,0.0,875.0,0.0,253,5.221535992034775,3.4585153237541957,0.18058762241986334,3.4632268633502874,3.552713678800501e-16,5.032877001781476,875.0017292163204,2.1525519220244638,0.0017292163204274402,2.1525519220244638,17.5,0.0,8.570409932181472e-14,-0.2815754062048703,False,True,False,500,0,0,5,data/baseline.npz,38,4,40,improved_0038,improved,875.0,0.0,875.0,0.0,253,2.4686885778830527,3.4585153608668358,0.08537997367805042,3.459569109037153,4.618527782440651e-16,4.95715599548899,875.0017385965194,2.152555713520493,0.0017385965194307573,2.152555713520493,17.5,0.0,8.045243406725656e-14,-0.2815754062048703,True,True,True,800.0,5.0,5.0,5.0,data/improved.npz,38,4,40,2.752847414151722
baseline_0039,baseline,M039,757.7722283113839,437.49999999999994,875.0,29.999999999999996,207,4.390001859056395,4.227074354560681,0.18556864274891,4.231145690407023,2.415845301584341e-15,6.120603059875221,756.6974670757903,439.36502851270984,-1.0747612355935416,1.8650285127098982,17.5,0.0,7.022925620234004e-14,-0.28157540620486543,True,True,True,500,0,0,5,data/baseline.npz,39,4,40,improved_0039,improved,757.7722283113839,437.49999999999994,875.0,29.999999999999996,207,2.093094286862307,4.227074360120121,0.08847665193309569,4.228000262830221,2.877698079828406e-15,6.04467487249304,756.6974638933549,439.36503628551606,-1.0747644180289626,1.865036285516112,17.5,0.0,6.621916245873398e-14,-0.28157540620486543,True,True,True,800.0,5.0,5.0,5.0,data/improved.npz,39,4,40,2.2969075721940877
baseline_0040,baseline,M040,757.7722283113839,437.49999999999994,875.0,29.999999999999996,230,4.812937242019798,3.8043669177941424,0.183101792209595,3.8087706965245385,2.2382096176443156e-15,5.522388212619451,756.6974675260637,439.3650271369648,-1.0747607853201089,1.8650271369648408,17.5,0.0,7.838534120691223e-14,-0.2815754062048695,True,True,True,500,0,0,5,data/baseline.npz,40,4,40,improved_0040,improved,757.7722283113839,437.49999999999994,875.0,29.999999999999996,230,2.284625220986315,3.804366923411843,0.0869155262311281,3.8053596778367007,2.0605739337042904e-15,5.4465981955726415,756.6974640353943,439.365035721964,-1.074764275989537,1.865035721964034,17.5,0.0,7.339061884734417e-14,-0.2815754062048695,True,True,True,800.0,5.0,5.0,5.0,data/improved.npz,40,4,40,2.5283120210334826
baseline_0041,baseline,M041,757.7722283113839,437.49999999999994,875.0,29.999999999999996,253,5.2210362987468635,3.4585153786593126,0.18057034331754523,3.4632260171292724,9.414691248821328e-16,5.032823240255486,756.6974679726808,439.365025786559,-1.0747603387030722,1.8650257865590447,17.5,0.0,8.586576315574442e-14,-0.2815754062048703,False,True,False,500,0,0,5,data/baseline.npz,41,4,40,improved_0041,improved,757.7722283113839,437.49999999999994,875.0,29.999999999999996,253,2.4683873001480094,3.458515384298531,0.08536955451969007,3.4595688752677924,1.2434497875801752e-15,4.957190875472443,756.6974641772468,439.3650351646005,-1.0747641341370127,1.865035164600556,17.5,0.0,8.059672964637602e-14,-0.2815754062048703,True,True,True,800.0,5.0,5.0,5.0,data/improved.npz,41,4,40,2.752648998598854
baseline_0042,baseline,M042,437.5000000000001,757.7722283113837,875.0,59.99999999999999,207,4.389804723349208,4.227074416474214,0.18556031239387105,4.231145386839546,3.783640067922533e-15,6.120655196950754,435.6367192306524,758.8500222343904,-1.863280769347739,1.0777939230066522,17.5,0.0,7.052202030505996e-14,-0.28157540620486543,True,True,True,500,0,0,5,data/baseline.npz,42,4,40,improved_0042,improved,437.5000000000001,757.7722283113837,875.0,59.99999999999999,207,2.0929548685709083,4.227074384426585,0.08847075912696996,4.228000163752379,3.304023721284466e-15,6.044653899496376,435.6367114605242,758.850019045746,-1.8632885394758887,1.0777907343622246,17.5,0.0,6.620334248009195e-14,-0.28157540620486543,True,True,True,800.0,5.0,5.0,5.0,data/improved.npz,42,4,40,2.2968498547782996
baseline_0043,baseline,M043,437.5000000000001,757.7722283113837,875.0,59.99999999999999,230,4.81266428362436,3.804366979514019,0.18309141084107006,3.8087702590436656,2.7888802378583933e-15,5.522430571539734,435.63672060498817,758.8500226884961,-1.8632793950119435,1.0777943771123546,17.5,0.0,7.884146776767135e-14,-0.2815754062048695,True,True,True,500,0,0,5,data/baseline.npz,43,4,40,improved_0043,improved,437.5000000000001,757.7722283113837,875.0,59.99999999999999,230,2.2844415726789045,3.804366947744421,0.08690854013152909,3.8053595425511473,3.3217872896784686e-15,5.446571919890976,435.6367120236606,758.8500191893557,-1.8632879763395067,1.0777908779720065,17.5,0.0,7.379551180711259e-14,-0.2815754062048695,True,True,True,800.0,5.0,5.0,5.0,data/improved.npz,43,4,40,2.528222710945456
baseline_0044,baseline,M044,437.5000000000001,757.7722283113837,875.0,59.99999999999999,253,5.220660775772514,3.4585154401226603,0.18055735900651987,3.4632254014787462,2.3980817331903383e-15,5.032858250926397,435.6367219536597,758.8500231397463,-1.8632780463404401,1.0777948283625847,17.5,0.0,8.625427482760232e-14,-0.2815754062048703,False,True,False,500,0,0,5,data/baseline.npz,44,4,40,improved_0044,improved,437.5000000000001,757.7722283113837,875.0,59.99999999999999,253,2.468146003399232,3.4585154086289642,0.0853612098350224,3.45956869363485,2.0605739337042904e-15,4.957159875073185,435.63671258051016,758.8500193331129,-1.86328741948995,1.0777910217291264,17.5,0.0,8.086811058867672e-14,-0.2815754062048703,True,True,True,800.0,5.0,5.0,5.0,data/improved.npz,44,4,40,2.7525147723732823
