candidate,bandwidth_design_hz,pll_design_hz,kr_ohm,band_hz,max_harmonic,prediction_s,n,combined,thd_pass,thd_max,thd_mean
C01,800,15,6,4,3,1.6e-05,9,8,8,5.53787329454,2.75322343961
C02,800,15,6,4,5,1.6e-05,9,9,9,4.72102047454,2.33659549795
C03,800,15,6,4,7,1.6e-05,9,9,9,4.37927879782,2.15420481341
C04,800,15,6,8,3,1.6e-05,9,8,8,5.5475162281,2.76259239099
C05,800,15,6,8,5,1.6e-05,9,9,9,4.73871204552,2.34759154737
C06,800,15,6,8,7,1.6e-05,9,9,9,4.38638226814,2.16203565152
C07,800,15,6,16,3,1.6e-05,9,8,8,5.5446598457,2.76294094726
C08,800,15,6,16,5,1.6e-05,9,9,9,4.73839064924,2.3550216507
C09,800,15,6,16,7,1.6e-05,9,9,9,4.38347344386,2.16846138077
C10,800,15,12,4,3,1.6e-05,9,8,8,5.11816809813,2.54359606436
C11,800,15,12,4,5,1.6e-05,9,9,9,4.02552030293,1.98669697402
C12,800,15,12,4,7,1.6e-05,9,9,9,3.48880540893,1.70671454383
C13,800,15,12,8,3,1.6e-05,9,8,8,5.13404221415,2.55654317279
C14,800,15,12,8,5,1.6e-05,9,9,9,4.06481187726,2.01090667504
C15,800,15,12,8,7,1.6e-05,9,9,9,3.52984344705,1.73383668601
C16,800,15,12,16,3,1.6e-05,9,8,8,5.06960481376,2.53016752214
C17,800,15,12,16,5,1.6e-05,9,9,9,4.05048452086,2.00809028118
C18,800,15,12,16,7,1.6e-05,9,9,9,3.53631410729,1.74701077908
C19,800,15,18,4,3,1.6e-05,9,8,8,5.00086483473,2.47938149458
C20,800,15,18,4,5,1.6e-05,9,9,9,3.8069892312,1.86605278975
C21,800,15,18,4,7,1.6e-05,9,9,9,3.16701355525,1.53582390179
C22,800,15,18,8,3,1.6e-05,9,8,8,5.0081696698,2.48798975827
C23,800,15,18,8,5,1.6e-05,9,9,9,3.85596471898,1.89600042272
C24,800,15,18,8,7,1.6e-05,9,9,9,3.24128442353,1.58155669412
C25,800,15,18,16,3,1.6e-05,9,9,9,4.85029329923,2.41442914357
C26,800,15,18,16,5,1.6e-05,9,9,9,3.7607854791,1.85139400469
C27,800,15,18,16,7,1.6e-05,9,9,9,3.20896003099,1.57096957848
