run_id,group,control_tag,case_id,id_peak_a,iq_peak_a,vac_v,vdc_v,fgrid_hz,lf_h,lg_h,rf_ohm,rg_ohm,dead_s,sensor_hz,sensor_offset_a,sensor_gain,adc_bits,grid_h3,grid_h5,extra_delay_pwm,grid_phase_rad,lf_grid_polarity,bandwidth_design_hz,pll_design_hz,kr_ohm,band_hz,max_harmonic,prediction_s,thd_pct,i1_rms_a,ih_2_40_rms_a,ih_over_rated_pct,current_rms_a,peak_a,dc_a,id_peak_measured_a,iq_peak_measured_a,id_error_peak_a,iq_error_peak_a,dq_tolerance_peak_a,p_w,p1_w,q1_var,p1_target_w,q1_target_var,saturation_fraction,resonator_limit_fraction,integrator_limit_fraction,periodic_rms_a,pll_error_deg,pll_hz,measurement_start_s,measurement_end_s,thd_pass,tracking_pass,rms_pass,peak_pass,saturation_pass,steady_pass,combined_pass,h1_rms_a,h2_rms_a,h3_rms_a,h4_rms_a,h5_rms_a,h6_rms_a,h7_rms_a,h8_rms_a,h9_rms_a,h10_rms_a,h11_rms_a,h12_rms_a,h13_rms_a,h14_rms_a,h15_rms_a,h16_rms_a,h17_rms_a,h18_rms_a,h19_rms_a,h20_rms_a,h21_rms_a,h22_rms_a,h23_rms_a,h24_rms_a,h25_rms_a,h26_rms_a,h27_rms_a,h28_rms_a,h29_rms_a,h30_rms_a,h31_rms_a,h32_rms_a,h33_rms_a,h34_rms_a,h35_rms_a,h36_rms_a,h37_rms_a,h38_rms_a,h39_rms_a,h40_rms_a,pwm_count,control_count,load_count,lf_transition_count,wave_sha256,wave_bytes
refinement_Q01_initial_2.0e-06,refinement,initial_2.0e-06,Q01,5.65685424949,0,230,400,60,0.001,0.0001,0.08,0.1,2e-07,10000,0,1,12,0,0,0,0,False,800,15,0,8,7,1.6e-05,7.80995445731,3.99394892918,0.311925592417,0.649844984202,4.01998955308,6.33698415756,0.0577715500052,5.64824176447,0.0249212336249,-0.00861248502424,0.0249212336249,0.3,918.59931229,918.59931229,-4.05305385709,920,-0,0,0,0,0.00152775900388,-0.172922834754,60,0.5,0.75,False,True,True,True,True,True,False,3.99394892918,0.00641606951202,0.258906672833,0.0198063359154,0.138076499771,0.00928691364211,0.0820394475583,0.00507927934993,0.050898612526,0.00312333917238,0.0305550588586,0.00180558717981,0.0158205928485,0.000766491474769,0.00749585437926,0.000798459546186,0.00377466179494,0.00108391274196,0.0020331074044,0.00106733260478,0.00240451361431,0.00131061838697,0.00371108936972,0.00104287780941,0.00319394436948,0.00120350257142,0.0022406327345,0.000605905537264,0.00115903976494,0.000793486287919,0.000906545043111,0.00045336874942,0.000948197887026,0.000407867370604,0.00122823571738,0.00053992387206,0.00245794673407,0.000239264249891,0.00251057934735,0.000675974108471,46875,46875,46874,90,417bb6694ccac7a33c5b651dde905484ec0a280ffd813b1bfaf8a3eb23f12fb4,876485
refinement_Q01_initial_1.0e-06,refinement,initial_1.0e-06,Q01,5.65685424949,0,230,400,60,0.001,0.0001,0.08,0.1,2e-07,10000,0,1,12,0,0,0,0,False,800,15,0,8,7,1.6e-05,7.81796894456,3.99440067486,0.312281004282,0.650585425588,4.02034313014,6.33704137802,0.0576885196214,5.64888066136,0.0249153860492,-0.00797358813644,0.0249153860492,0.3,918.703219004,918.703219004,-4.05210283919,920,-0,0,0,0,0.00115428149036,-0.172922834754,60,0.5,0.75,False,True,True,True,True,True,False,3.99440067486,0.00646087162872,0.259486669457,0.0197132496275,0.137381137066,0.00924158432031,0.0827664091196,0.00522178398879,0.0508379230981,0.00300445456177,0.0300300502376,0.00170834292508,0.0167859632101,0.000750174777866,0.00785918481512,0.000763211108693,0.00310915408097,0.00101452824482,0.00234956880333,0.000991730780564,0.00268151161606,0.00138526542572,0.00368939069491,0.0010583802852,0.00312757196459,0.00117269471369,0.00228345016366,0.000614766550126,0.000956747099761,0.000720036909308,0.00083020727246,0.000473604530393,0.000871289586253,0.000443868142223,0.00139181571087,0.000532854632193,0.00252833109223,0.000263622277145,0.00245634402482,0.000689245401734,46875,46875,46874,90,9e6af873b33a83361271d843b8a102757a2620afae3f87e9ca3d1b88721ba521,1309432
refinement_Q01_initial_5.0e-07,refinement,initial_5.0e-07,Q01,5.65685424949,0,230,400,60,0.001,0.0001,0.08,0.1,2e-07,10000,0,1,12,0,0,0,0,False,800,15,0,8,7,1.6e-05,7.81924811182,3.99452778358,0.312342038294,0.650712579779,4.02049270405,6.37086868286,0.0577011047755,5.64906016433,0.0249737328925,-0.00779408515913,0.0249737328925,0.3,918.732412392,918.732412392,-4.06159205237,920,-0,0,0,0,0.00128907984746,-0.172922834754,60,0.5,0.75,False,True,True,True,True,True,False,3.99452778358,0.00651552237006,0.25958303977,0.0196687696354,0.137348057937,0.00924485796642,0.0827452407204,0.00517039130502,0.0509405742519,0.00308032042849,0.0298796404557,0.00170013217411,0.0169699617447,0.000750431369444,0.00764058968125,0.000733102285142,0.00314478438253,0.00100748616499,0.00232117330105,0.000998429470341,0.00279344141719,0.00138760605125,0.00364753687638,0.0010662991725,0.00290420827414,0.00117594353617,0.00243098189497,0.00060970467711,0.0010996648024,0.000718070928398,0.000586092522805,0.000461876968602,0.000951397846319,0.000429915473832,0.00139352306464,0.000535904540471,0.00227951366936,0.000316901372119,0.00220873607753,0.000714596826605,46875,46875,46874,90,c79de877e8b55b92bda1f56767ec1bb45622ccd81e8a38ede69501016d5ffdd1,2166359
refinement_Q01_selected_2.0e-06,refinement,selected_2.0e-06,Q01,5.65685424949,0,230,400,60,0.001,0.0001,0.08,0.1,2e-07,10000,0,1,12,0,0,0,0,False,800,15,18,4,7,1.6e-05,3.16701355525,3.99395606587,0.126489129997,0.263519020827,4.00991141066,6.09956502914,0.0600797720876,5.64825044502,0.0252393060898,-0.00860380446998,0.0252393060898,0.3,918.600724049,918.600724049,-4.10478343236,920,-0,0,0,0,0.00173261280364,-0.172922834754,60,0.5,0.75,True,True,True,True,True,True,True,3.99395606587,0.00456873203572,0.0555752565461,0.0184317447257,0.0336053613258,0.0084817041795,0.0227459696955,0.00601750723734,0.0754257727769,0.00291559993414,0.0510935061671,0.00250575374848,0.0355067313111,0.00103504193262,0.0247319888176,0.00142656357584,0.0188237314509,0.000698024079531,0.0112827166938,0.000667701954049,0.00864958234074,0.000805957169813,0.00465318400729,0.000264028632445,0.00251256823813,0.000925254819394,0.00183096077081,0.000286967049873,0.00148251483162,0.000824903104659,0.00161022258669,0.000426106963603,0.00179988414895,0.000637593595813,0.00164471353244,0.00062622764222,0.00124062379669,0.000467934679576,0.000876117706654,0.000531561267072,46875,46875,46874,90,811d58b864913dbe5b4551bd4ae0225e32180f8b1b09987e249e59e73f227d85,935128
refinement_Q01_selected_1.0e-06,refinement,selected_1.0e-06,Q01,5.65685424949,0,230,400,60,0.001,0.0001,0.08,0.1,2e-07,10000,0,1,12,0,0,0,0,False,800,15,18,4,7,1.6e-05,3.16602019782,3.99435720986,0.126462156037,0.263462825077,4.01018600513,6.10054636002,0.0600514018503,5.64881792063,0.025201971973,-0.00803632885849,0.025201971973,0.3,918.693015195,918.693015195,-4.09871161472,920,-0,0,0,0,0.00203178305516,-0.172922834754,60,0.5,0.75,True,True,True,True,True,True,True,3.99435720986,0.00466095217412,0.0560137821851,0.0184316429005,0.0329877966811,0.00845688594702,0.023312357861,0.00589281058792,0.0753680523774,0.00285177721973,0.0505355800363,0.00253761223668,0.0363803836457,0.00094905386065,0.0250179879003,0.00146509427253,0.0181612295472,0.000583881908065,0.0105035952245,0.000585296869705,0.00809575628784,0.000716242626526,0.00457644266871,0.000287160861581,0.00256901244799,0.000947025730303,0.00182937763753,0.00029427873959,0.00158066930464,0.000853763883868,0.00161300751635,0.000438330208893,0.00186125770231,0.00064554971136,0.00154266393561,0.000578414480754,0.00128603819981,0.000489026668837,0.000931456463501,0.000558249449982,46875,46875,46874,90,3fb197dc51f429eb819c99a73d6d3e16c52f132c5a99d2c7466d38c3e709154e,1368765
refinement_Q01_selected_5.0e-07,refinement,selected_5.0e-07,Q01,5.65685424949,0,230,400,60,0.001,0.0001,0.08,0.1,2e-07,10000,0,1,12,0,0,0,0,False,800,15,18,4,7,1.6e-05,3.16757698077,3.99454542177,0.126530301267,0.263604794305,4.01039587181,6.13490200043,0.0601462310801,5.64908433095,0.0251490566279,-0.00776991854546,0.0251490566279,0.3,918.736342719,918.736342719,-4.09010575086,920,-0,0,0,0,0.00208025953187,-0.172922834754,60,0.5,0.75,True,True,True,True,True,True,True,3.99454542177,0.00462255466051,0.0562068724176,0.0184114719235,0.0329193296623,0.00850462295608,0.0233558359417,0.0059623468693,0.0754059193935,0.00281875814754,0.0503214956475,0.00255619674629,0.0366168464853,0.00104726659748,0.0248232609634,0.00142298563615,0.0182627904048,0.000595218675449,0.010689878429,0.000648034228291,0.00788532175998,0.000744842476532,0.00465735535625,0.000313013808345,0.00281231123269,0.000938048071059,0.00171137693063,0.000298777748913,0.00152200861627,0.000817358232888,0.00156892090449,0.000473874150728,0.00176241790835,0.000650643145609,0.0015061335751,0.000595432494684,0.00138590718281,0.000465414411927,0.0011116063055,0.000549341915162,46875,46875,46874,90,b304a165e2749788229beab5462beea73f4dcad22cbb39e2af231c99181f6dbc,2222623
refinement_Q02_initial_2.0e-06,refinement,initial_2.0e-06,Q02,11.313708499,11.313708499,230,400,60,0.001,0.0001,0.08,0.1,2e-07,10000,0,1,12,0,0,0,0,False,800,15,0,8,7,1.6e-05,3.05727488597,11.3095146344,0.345762950642,0.720339480504,11.3198206632,16.9520130157,0.0582207397612,11.2552298833,11.3635400649,-0.0584786156979,0.0498315658657,0.32,1830.48935609,1830.48935609,-1848.10433477,1840,-1840,0,0,0,0.00419908067659,-0.172922834754,60,0.5,0.75,True,True,True,True,True,True,True,11.3095146344,0.0043718028349,0.275182617794,0.0129447604655,0.157208782596,0.0076257285134,0.100658483774,0.00630884509782,0.0653604050565,0.00296271899774,0.0442438864766,0.00104503012722,0.0361146746613,0.00219650672604,0.0245434609462,0.00196994945516,0.0141956486322,0.00123798371026,0.00729881050978,0.000649272612311,0.00640446078552,0.000514809217835,0.00464544588221,0.000286927092139,0.00264114002426,0.000313515483917,0.00443616917072,0.000380117172604,0.00321251608679,0.000553007440804,0.00343695036542,0.000832901332877,0.00690046056521,0.000961141553532,0.00765341720928,0.000886059017154,0.00593674842557,0.00103156729734,0.00500540228171,0.0012118526616,46875,46875,46874,90,2adbf65aab7b6d2d28b06b2cc70e4554da67b493bb09d4b461d8a703c79b1490,869333
refinement_Q02_initial_1.0e-06,refinement,initial_1.0e-06,Q02,11.313708499,11.313708499,230,400,60,0.001,0.0001,0.08,0.1,2e-07,10000,0,1,12,0,0,0,0,False,800,15,0,8,7,1.6e-05,3.05747841494,11.3098053374,0.345794856962,0.720405952004,11.3200639562,16.9830265045,0.0583097394072,11.2557062207,11.3636469063,-0.0580022782636,0.0499384073631,0.32,1830.56682501,1830.56682501,-1848.12171089,1840,-1840,0,0,0,0.00402150267342,-0.172922834754,60,0.5,0.75,True,True,True,True,True,True,True,11.3098053374,0.00429851963675,0.274847608455,0.0128771694819,0.157875297224,0.00752905363648,0.101018684647,0.00631206239678,0.0651348259449,0.00297726232513,0.044457925078,0.00107086136092,0.0353290525474,0.0021777623013,0.0246485168454,0.0020270171445,0.0134940527573,0.00121577160041,0.00752727533303,0.000605322136572,0.00704737945334,0.000566748100872,0.00475752458427,0.000277788978382,0.00269941803375,0.000314251179314,0.00436630392263,0.000405874003437,0.00324435294289,0.000537132717967,0.00336349992741,0.000818724070911,0.00685210668244,0.000938548188101,0.0075340219332,0.000894101005386,0.00581302411129,0.0010569042559,0.00496041110116,0.00120234070167,46875,46875,46874,90,e0a6ea9cd08f73de2acb81e78a357dfb4e3bdd64ecfa7ead3c9adde0cfaa53ca,1306773
refinement_Q02_initial_5.0e-07,refinement,initial_5.0e-07,Q02,11.313708499,11.313708499,230,400,60,0.001,0.0001,0.08,0.1,2e-07,10000,0,1,12,0,0,0,0,False,800,15,0,8,7,1.6e-05,3.05582884945,11.3100061865,0.345614431923,0.720030066505,11.3202628278,17.0329265594,0.0582340129432,11.2560676277,11.363688725,-0.0576408712783,0.0499802260372,0.32,1830.62560228,1830.62560228,-1848.12851205,1840,-1840,0,0,0,0.00399544640391,-0.172922834754,60,0.5,0.75,True,True,True,True,True,True,True,11.3100061865,0.00434676842315,0.274561292568,0.0129690708294,0.157983210837,0.00758882358953,0.101068779287,0.00633163471472,0.0651130852298,0.00298905274708,0.0444601299559,0.00105886933266,0.0351607277788,0.00217295343396,0.0246370712155,0.00203387392085,0.0135628177759,0.00121116204302,0.00747477375479,0.000618793112908,0.00732443006315,0.000544533735254,0.00467868347095,0.000308447282091,0.0026309757066,0.00031040529383,0.0045040151162,0.000389731333567,0.0031555398888,0.000544856166667,0.00340851848306,0.000839326858136,0.00661979202807,0.000962842634724,0.00763161359138,0.000906171137371,0.00552146581053,0.000987711245313,0.00491841633496,0.00117317609781,46875,46875,46874,90,a9fdcc278b594363c2a98ddd94217ec34f1013b65eee6633737a811887b5acdd,2152164
refinement_Q02_selected_2.0e-06,refinement,selected_2.0e-06,Q02,11.313708499,11.313708499,230,400,60,0.001,0.0001,0.08,0.1,2e-07,10000,0,1,12,0,0,0,0,False,800,15,18,4,7,1.6e-05,1.21707870129,11.3096646895,0.137647520124,0.286765666924,11.3155273469,16.7186508179,0.0592432402128,11.2548085741,11.3642560135,-0.058899924917,0.0505475145326,0.32,1830.42083665,1830.42083665,-1848.22077277,1840,-1840,0,0,0,0.00100922638259,-0.172922834754,60,0.5,0.75,True,True,True,True,True,True,True,11.3096646895,0.00463384060121,0.0668667346665,0.0134975736875,0.0398717315718,0.00831584505992,0.0245349389921,0.006787141603,0.0761236476069,0.00277698388098,0.0517846316935,0.00114427716079,0.0422902878125,0.00234224291967,0.0304481969284,0.00196278775666,0.0193974056417,0.00107760173323,0.0113245368187,0.00067402317675,0.00946051591373,0.000821621987219,0.00726569333957,0.000549047236006,0.00266783420388,0.000179552761033,0.00153208314112,0.000109629555287,0.00208525833259,0.000184951633664,0.00111103215423,0.000356231219122,0.00451893300176,0.000586465531022,0.00574861560086,0.000598814415678,0.00451866849306,0.000694746086998,0.00378837401375,0.000802312803521,46875,46875,46874,90,25924c60ec5b63c572a3a5c2862c9ed17f02646c83e30443e68c618264e60613,933668
refinement_Q02_selected_1.0e-06,refinement,selected_1.0e-06,Q02,11.313708499,11.313708499,230,400,60,0.001,0.0001,0.08,0.1,2e-07,10000,0,1,12,0,0,0,0,False,800,15,18,4,7,1.6e-05,1.2155111456,11.3100560323,0.137474991647,0.286406232597,11.3158676896,16.7440223694,0.0591835647042,11.2553863367,11.3644627378,-0.058322162259,0.0507542388169,0.32,1830.51480082,1830.51480082,-1848.25439328,1840,-1840,0,0,0,0.00164496396052,-0.172922834754,60,0.5,0.75,True,True,True,True,True,True,True,11.3100560323,0.00453581066469,0.0666598538733,0.0134985297253,0.0403135235532,0.00821905126524,0.0249605198609,0.00686560389921,0.0760389308895,0.00287702568728,0.0519218237025,0.00112033764577,0.041553965457,0.00226148288242,0.0305052313206,0.0020280103783,0.0186639903973,0.00112493340569,0.0113350269608,0.000556370143332,0.010099463378,0.000822980872568,0.00735920142874,0.000583024548343,0.00265812098175,0.00016369770513,0.00153463822401,9.20822979457e-05,0.00199423176269,0.000161757108597,0.00103501557017,0.000343955436252,0.00448429709774,0.000535242558566,0.00560236678778,0.000644614892706,0.0043298354325,0.000703279885433,0.0037388996872,0.000810270980453,46875,46875,46874,90,b5570806c00b1d9ad0d60293768be9a89e9516056cfff80126661a25b6a439de,1369938
refinement_Q02_selected_5.0e-07,refinement,selected_5.0e-07,Q02,11.313708499,11.313708499,230,400,60,0.001,0.0001,0.08,0.1,2e-07,10000,0,1,12,0,0,0,0,False,800,15,18,4,7,1.6e-05,1.21374715309,11.3101706055,0.137276873734,0.285993486946,11.3159844551,16.7945709229,0.0592410148576,11.2556670903,11.3644127258,-0.0580414087169,0.050704226849,0.32,1830.56046105,1830.56046105,-1848.24625961,1840,-1840,0,0,0,0.00173195077303,-0.172922834754,60,0.5,0.75,True,True,True,True,True,True,True,11.3101706055,0.00456369598393,0.0663186629015,0.0135291104773,0.0405171659136,0.00830498314814,0.0250741546039,0.00681404100509,0.0758522095394,0.00276874230436,0.051986450233,0.00112907614541,0.0412919339174,0.00229869114371,0.0305807537338,0.00198666344814,0.018783135938,0.00111530466124,0.0113133597701,0.00057782079528,0.0103724121605,0.000902945507765,0.0073029352161,0.000533431048779,0.0027497876272,0.000214052989007,0.00168160179491,0.000132092507759,0.00199565697295,0.000185913215866,0.00111139959086,0.000363237476999,0.0042460667547,0.000568626101065,0.00570780561605,0.000624809436571,0.00412646186174,0.000678882856248,0.00360218339152,0.000779616712417,46875,46875,46874,90,e0217ffecab5ed65c03476c35dad960971bfa22fd6d956f967b049283114ff49,2214870
refinement_Q03_initial_2.0e-06,refinement,initial_2.0e-06,Q03,0,67.8822509939,230,400,60,0.001,0.0001,0.08,0.1,2e-07,10000,0,1,12,0,0,0,0,False,800,15,0,8,7,1.6e-05,0.766559986781,48.0008636342,0.367955413929,0.766573779019,48.0035664335,68.2907867432,0.065436993845,-0.309509121806,67.8827667628,-0.309509121806,0.000515768876568,1.35764501988,-50.3368797397,-50.3368797397,-11040.0838818,0,-11040,0,0,0,0.00364342658738,-0.172922834754,60,0.5,0.75,True,True,False,True,True,True,False,48.0008636342,0.00839837343668,0.281736951336,0.0160147839892,0.156131744144,0.00507722072809,0.113841041899,0.0038605344027,0.0773363577416,0.000741522832576,0.0663782021741,0.00183946736856,0.0460291520392,0.000479223555206,0.0425612937814,0.000945542381649,0.0318069064585,0.00054651902074,0.0294405727648,0.000645782164983,0.0217969817538,0.000405398693662,0.0218480322191,0.00059133351086,0.0162458475373,0.000369139341384,0.0162990592545,0.00054641476534,0.0122023200381,0.000166783904807,0.0124187308785,0.000476927357553,0.0102270932234,0.000352026721507,0.00938454625455,0.000345617644702,0.00851062198123,0.000278273553816,0.00759425311222,0.000340346961743,46875,46875,46874,90,387bfe32294a9ce28d5be1af0d9c67cbb76bfb3704f8e6c65703b9c7e1c7cd4d,881978
refinement_Q03_initial_1.0e-06,refinement,initial_1.0e-06,Q03,0,67.8822509939,230,400,60,0.001,0.0001,0.08,0.1,2e-07,10000,0,1,12,0,0,0,0,False,800,15,0,8,7,1.6e-05,0.766314070753,48.0008370675,0.367837168527,0.766327434431,48.0035317871,68.3031616211,0.0654161298317,-0.310501746387,67.8827246582,-0.310501746387,0.000473664266678,1.35764501988,-50.4983148012,-50.4983148012,-11040.0770342,0,-11040,0,0,0,0.00378833384724,-0.172922834754,60,0.5,0.75,True,True,False,True,True,True,False,48.0008370675,0.00841369368224,0.281802370513,0.0161229510845,0.156065185317,0.00502928620607,0.113803080461,0.00388072641866,0.0767958387166,0.000823159479386,0.066072163625,0.00167888568778,0.0464068994087,0.000415683802252,0.0430971420551,0.00107062192438,0.0307085730593,0.000449808287703,0.029914139079,0.000630454794479,0.0214260096138,0.000428473118842,0.0218521694281,0.000599226627449,0.016305532155,0.000410518668927,0.0163621388364,0.000562996324459,0.0121470513302,0.000219849956485,0.0122961582125,0.000451195103035,0.01014904733,0.000349205028526,0.00951213229029,0.00033959267893,0.0086327714247,0.00031088711077,0.00754864698688,0.000338782203857,46875,46875,46874,90,390c697be4bd718f07bfbc7f2105710153a648a6ee2af4f9cbe6710852691916,1307143
refinement_Q03_initial_5.0e-07,refinement,initial_5.0e-07,Q03,0,67.8822509939,230,400,60,0.001,0.0001,0.08,0.1,2e-07,10000,0,1,12,0,0,0,0,False,800,15,0,8,7,1.6e-05,0.766540516432,48.0007937208,0.367945532079,0.766553191831,48.0034882742,68.3094711304,0.0654373275055,-0.310819077803,67.8826619039,-0.310819077803,0.000410909945046,1.35764501988,-50.5499238564,-50.5499238564,-11040.0668282,0,-11040,0,0,0,0.00392138376715,-0.172922834754,60,0.5,0.75,True,True,False,True,True,True,False,48.0007937208,0.00840259699493,0.281878255938,0.0161512205263,0.156168555262,0.00505734690617,0.113886148129,0.00385089029635,0.0768714709332,0.000761471676134,0.0659692126428,0.00174765054537,0.0462388235286,0.000489880679395,0.0429316716561,0.00103996124413,0.0306213911288,0.000433526283984,0.0301130414765,0.000651093044483,0.0217023964899,0.000428812128561,0.021923891792,0.000590664359686,0.0160371159358,0.000390740370188,0.0162391423217,0.000555219971394,0.0124108068964,0.000156156608372,0.0122604956878,0.000484918304483,0.00989749706916,0.000307783517985,0.00990788047093,0.00033287587878,0.00845591097422,0.000291252846947,0.00771277129932,0.000335435672912,46875,46875,46874,90,757b47a86f6bd7d682eae78ba5f031def0005a2bcc98ad40a59afefa3301cf2a,2127738
refinement_Q03_selected_2.0e-06,refinement,selected_2.0e-06,Q03,0,67.8822509939,230,400,60,0.001,0.0001,0.08,0.1,2e-07,10000,0,1,12,0,0,0,0,False,800,15,18,4,7,1.6e-05,0.349351403412,48.0009621806,0.167692035029,0.349358406311,48.0025485558,68.0275192261,0.0655063856909,-0.309334232794,67.882906927,-0.309334232794,0.000655933050567,1.35764501988,-50.3084367422,-50.3084367422,-11040.1066774,0,-11040,0,0,0,0.00397079605417,-0.172922834754,60,0.5,0.75,True,True,False,True,True,True,False,48.0009621806,0.0082015936881,0.0651740903725,0.0159986066134,0.0374941051104,0.0054780481221,0.0285350726091,0.00504707820683,0.0859724547041,0.00118417770911,0.0713165594814,0.00210812975362,0.0500597351775,0.000211668449782,0.0448313267657,0.00112422747661,0.0336457031153,0.000636526707922,0.0301330424173,0.000655507680982,0.0228706193931,0.000646241784874,0.0223743964905,0.000642206092939,0.0169484491336,0.000260985665134,0.0163993758487,0.000519775624061,0.0126698265323,0.000309736194474,0.0127139533499,0.000481634936923,0.0104724616473,0.000387244949333,0.00930970916809,0.00027143393393,0.00851251296499,0.00047703860396,0.00774808411703,0.000455883086401,46875,46875,46874,90,476e81d59aff1fc5632126685eb64d03c6bb3eeac0c5ed7a1155abbba4f85c47,943416
refinement_Q03_selected_1.0e-06,refinement,selected_1.0e-06,Q03,0,67.8822509939,230,400,60,0.001,0.0001,0.08,0.1,2e-07,10000,0,1,12,0,0,0,0,False,800,15,18,4,7,1.6e-05,0.349153381928,48.0009569078,0.167596964401,0.349160342502,48.0025362779,68.039024353,0.0655410337922,-0.310308902669,67.8828950215,-0.310308902669,0.000644027637151,1.35764501988,-50.4669517482,-50.4669517482,-11040.1047412,0,-11040,0,0,0,0.0041950185025,-0.172922834754,60,0.5,0.75,True,True,False,True,True,True,False,48.0009569078,0.00816488030499,0.0652806461935,0.016066146284,0.0374415165417,0.00543190734092,0.0286856621135,0.00499471256204,0.0856704559859,0.0013056186115,0.0710197289107,0.00205047652742,0.0504814636778,0.000170359258412,0.0454351441664,0.00122645371456,0.0325804146714,0.000546538829387,0.0305763167003,0.000684711621771,0.0225931850999,0.000615249557353,0.0224297900148,0.000616255789288,0.0169966760078,0.000242895735682,0.016470495263,0.000517402677996,0.012590329358,0.000275404064714,0.0125745730369,0.000494687579687,0.0104132147514,0.00036443801829,0.00940832085717,0.0002810303465,0.00860151780273,0.000482284611064,0.00769948710607,0.00047404106213,46875,46875,46874,90,f73062d7361a3e507d8ae83b850c8017a79b308428fdfeaab2bad8b93570a212,1368197
refinement_Q03_selected_5.0e-07,refinement,selected_5.0e-07,Q03,0,67.8822509939,230,400,60,0.001,0.0001,0.08,0.1,2e-07,10000,0,1,12,0,0,0,0,False,800,15,18,4,7,1.6e-05,0.348964621889,48.0009484739,0.167506328345,0.348971517386,48.0025266716,68.0455474854,0.0655256791653,-0.310651228567,67.8828815284,-0.310651228567,0.00063053453205,1.35764501988,-50.5226257698,-50.5226257698,-11040.1025467,0,-11040,0,0,0,0.00385110293866,-0.172922834754,60,0.5,0.75,True,True,False,True,True,True,False,48.0009484739,0.00805533074735,0.0653067614023,0.0159629903733,0.0374330610698,0.00548903217606,0.0287303390967,0.00498354398946,0.0857260014612,0.00129104318833,0.0709549647471,0.00208666522965,0.0502142233656,0.000266851674319,0.0452166695583,0.00125573078806,0.0325241948537,0.000544322300964,0.0307637211285,0.000679089619207,0.0228992019745,0.000657767496353,0.0224633034476,0.000637137682985,0.016667124661,0.000260291578743,0.0163284988221,0.000542119969023,0.0128536347613,0.000277464135129,0.0125231211968,0.000493516093697,0.0101691205365,0.000383099456437,0.00977893071421,0.000265448830787,0.00845678029734,0.000450477453075,0.00785470855919,0.00045821301592,46875,46875,46874,90,b3c4d0a0369e6b51c9cc038be721ed374b5c77afea556d5c585729f119f938b6,2188081
refinement_Q04_initial_2.0e-06,refinement,initial_2.0e-06,Q04,67.8822509939,0,230,400,60,0.001,0.0001,0.08,0.1,2e-07,10000,0,1,12,0,0,0,0,False,800,15,0,8,7,1.6e-05,0.747568512439,47.9948253172,0.358794201672,0.74748792015,47.9972638877,68.5097122192,0.0604045269711,67.8742532214,0.30375004619,-0.00799777246002,0.30375004619,1.35764501988,11038.6992858,11038.6992858,-49.4002550127,11040,-0,0,0,0,0.00322840559894,-0.172922834754,60,0.5,0.75,True,True,True,True,True,True,True,47.9948253172,0.000770295344148,0.272252777486,0.0181221267842,0.156698323747,0.00764460901269,0.108054197832,0.0038458285975,0.0799025521063,0.00238619542944,0.0617581682293,0.00169347408144,0.048746612082,0.00154404828054,0.0399993934659,0.000646226850235,0.0321647633927,0.000272445888297,0.0268236773305,0.000359864082967,0.0226959651134,0.000419813489118,0.0192187174671,0.000199923573736,0.0174823865454,0.000329252377121,0.0149526219686,0.000285331986137,0.0125767462559,0.000374149452966,0.0118193957126,5.93435590964e-05,0.010523746141,0.000217899840873,0.00945016727488,0.000251942105888,0.00844333435006,0.000337120692639,0.00744146896912,0.000158856315829,46875,46875,46874,90,c629873905ff348ccbbc15c932dfe8c69a565fb69d7aa789f1fd55845b1d0b84,888707
refinement_Q04_initial_1.0e-06,refinement,initial_1.0e-06,Q04,67.8822509939,0,230,400,60,0.001,0.0001,0.08,0.1,2e-07,10000,0,1,12,0,0,0,0,False,800,15,0,8,7,1.6e-05,0.748420487824,47.995486201,0.359208051959,0.748350108249,47.9979254137,68.5126342773,0.0603894863984,67.8751876994,0.30378629845,-0.00706329447205,0.30378629845,1.35764501988,11038.8512642,11038.8512642,-49.406150883,11040,-0,0,0,0,0.00384383263055,-0.172922834754,60,0.5,0.75,True,True,True,True,True,True,True,47.995486201,0.000775459434933,0.272887886102,0.0181774414313,0.156208835791,0.00761044090588,0.108232489785,0.00383045406264,0.0800285724151,0.00236213734671,0.0615974156353,0.00176394310022,0.0487760826205,0.00150104555305,0.0398103267255,0.000653541106652,0.0323795441119,0.000309764061606,0.0273852185413,0.00044883998474,0.0231581325866,0.000528814453064,0.0195299401611,0.000209148484774,0.0174535088874,0.00033509117392,0.0149827119059,0.000286538077528,0.0126509745812,0.000379926223478,0.0116591355798,0.000101013062086,0.0105596649632,0.000234925478805,0.00952940808812,0.000263376483775,0.00832747113606,0.00033158669153,0.00743683869494,0.000150256199341,46875,46875,46874,90,0895bcff347c06a737349ed83434af8b599dcc110356c3927fd91f6d3bbc4925,1314382
refinement_Q04_initial_5.0e-07,refinement,initial_5.0e-07,Q04,67.8822509939,0,230,400,60,0.001,0.0001,0.08,0.1,2e-07,10000,0,1,12,0,0,0,0,False,800,15,0,8,7,1.6e-05,0.748288533145,47.9954351904,0.359144337962,0.748217370755,47.9978756436,68.5367889404,0.0605639808663,67.8751156724,0.303760895115,-0.00713532149055,0.303760895115,1.35764501988,11038.8395501,11038.8395501,-49.4020194229,11040,-0,0,0,0,0.00386907535831,-0.172922834754,60,0.5,0.75,True,True,True,True,True,True,True,47.9954351904,0.000691606277056,0.272733591161,0.0178528703007,0.156366902098,0.00744496752402,0.108111347936,0.00364802000971,0.0800876711059,0.0023248638159,0.0617052251162,0.00159242031346,0.0487518145584,0.00128992540218,0.0398115312657,0.000625800164373,0.032453485307,0.000215322989604,0.0273857578252,0.00032421264325,0.023223972904,0.00027387721368,0.0197086474049,0.000217843539772,0.0173216889397,0.000206655391972,0.0148149375637,0.000178823844688,0.0129324762353,0.000226370928683,0.0118341417587,2.97349494463e-05,0.0103174018809,0.000229900991725,0.00929230519957,0.00017408722708,0.00842493833522,0.000226723365766,0.00768386468456,7.68977772868e-05,46875,46875,46874,90,947eca13c8095fe0d25f359be5a8d20f665a4e1df4deffd1e5ecf85057d3acef,2141792
refinement_Q04_selected_2.0e-06,refinement,selected_2.0e-06,Q04,67.8822509939,0,230,400,60,0.001,0.0001,0.08,0.1,2e-07,10000,0,1,12,0,0,0,0,False,800,15,18,4,7,1.6e-05,0.340695175804,47.9944779377,0.163514870986,0.340655981221,47.9958566101,68.2565078735,0.0609158006326,67.8737617545,0.303793229769,-0.00848923939928,0.303793229769,1.35764501988,11038.6193563,11038.6193563,-49.4072781551,11040,-0,0,0,0,0.00384015054781,-0.172922834754,60,0.5,0.75,True,True,True,True,True,True,True,47.9944779377,0.000344286601852,0.058864540038,0.0175713128774,0.0340353583168,0.0072273173679,0.025913031224,0.00488064075695,0.0883637097552,0.00253518384161,0.0676531060947,0.00159729854791,0.0522248207015,0.00100450270037,0.0421901487804,0.000619216025905,0.0342858324983,0.000438513651428,0.0283109947089,0.000163932175213,0.0235216072011,0.000124369515695,0.0199144557292,0.000185896975014,0.0178313151986,0.000164012861192,0.0157088315127,0.000203135036922,0.0129760141694,3.0649670041e-05,0.0119454316516,0.000138750352359,0.0109075446651,7.94179296249e-05,0.00987744070812,0.000105439788916,0.00870247888968,0.000128434861028,0.00767587497065,0.000326407074901,46875,46875,46874,90,5da6b27e8398934b1a8ae76a7e93cec404fa54c98e1502fd29126077bb005812,951634
refinement_Q04_selected_1.0e-06,refinement,selected_1.0e-06,Q04,67.8822509939,0,230,400,60,0.001,0.0001,0.08,0.1,2e-07,10000,0,1,12,0,0,0,0,False,800,15,18,4,7,1.6e-05,0.341639629653,47.995167396,0.163970512143,0.341605233632,47.9965451082,68.2586364746,0.0609145479997,67.8747363989,0.303884072395,-0.00751459501473,0.303884072395,1.35764501988,11038.7778671,11038.7778671,-49.4220523056,11040,-0,0,0,0,0.00406230498662,-0.172922834754,60,0.5,0.75,True,True,True,True,True,True,True,47.995167396,0.000386779811448,0.0595584522652,0.0175485689241,0.0335275213356,0.00722636905964,0.0261222518262,0.00489443482351,0.0885435354668,0.00255204020947,0.0674718586501,0.00159720348864,0.0523238821018,0.000970788851367,0.0420882533465,0.000582449733468,0.0344727472459,0.00050030470152,0.0288989568479,0.000230096027578,0.0240181022617,7.88579102192e-05,0.0202607441578,0.000183541193002,0.0178585016323,0.000187516304309,0.0157098133755,0.00019537318407,0.0130373336084,2.77987519337e-05,0.0118054528609,0.000150422786526,0.0109105996059,5.89168209157e-05,0.00993653795073,0.000105723581467,0.00855571090882,0.000130330024165,0.00767511333762,0.000321296776364,46875,46875,46874,90,640a947d4721742f51323f871ee64d26ebf73c0243564853914da549618d7a01,1377220
refinement_Q04_selected_5.0e-07,refinement,selected_5.0e-07,Q04,67.8822509939,0,230,400,60,0.001,0.0001,0.08,0.1,2e-07,10000,0,1,12,0,0,0,0,False,800,15,18,4,7,1.6e-05,0.341584650151,47.9949682835,0.163943444501,0.341548842711,47.9963474631,68.2846450806,0.0609250089985,67.8744545473,0.303942388853,-0.0077964466343,0.303942388853,1.35764501988,11038.7320283,11038.7320283,-49.431536577,11040,-0,0,0,0,0.00412822210416,-0.172922834754,60,0.5,0.75,True,True,True,True,True,True,True,47.9949682835,0.000327832452147,0.0593369586216,0.0175674964631,0.0337342186707,0.0072112287728,0.0259425116693,0.00490699169321,0.0886729295255,0.00251934801011,0.0673877276139,0.00160982900936,0.0523168820189,0.000949952053976,0.0420736805266,0.000603433570397,0.0345558897287,0.000493463080407,0.028771664457,0.000222900229526,0.0240026743743,4.50148380913e-05,0.0204607101298,0.000171206304416,0.0176700436146,0.000193600901733,0.0156479210174,0.000183480872526,0.0132837790627,9.55454615598e-06,0.0119231144882,0.000166655060946,0.0106611993565,6.14845270203e-05,0.00977095216553,9.41494433334e-05,0.00867495216649,0.000131103180637,0.0078736324209,0.000287118815086,46875,46875,46874,90,4ccbf75136821c850c71eee7f8ea82ebabfd6cb8238525aa0b1af1c5e586b959,2204975
