candidate,bandwidth_design_hz,pll_design_hz,kr_ohm,band_hz,max_harmonic,prediction_s
C01,800,15,6,4,3,1.6e-05
C02,800,15,6,4,5,1.6e-05
C03,800,15,6,4,7,1.6e-05
C04,800,15,6,8,3,1.6e-05
C05,800,15,6,8,5,1.6e-05
C06,800,15,6,8,7,1.6e-05
C07,800,15,6,16,3,1.6e-05
C08,800,15,6,16,5,1.6e-05
C09,800,15,6,16,7,1.6e-05
C10,800,15,12,4,3,1.6e-05
C11,800,15,12,4,5,1.6e-05
C12,800,15,12,4,7,1.6e-05
C13,800,15,12,8,3,1.6e-05
C14,800,15,12,8,5,1.6e-05
C15,800,15,12,8,7,1.6e-05
C16,800,15,12,16,3,1.6e-05
C17,800,15,12,16,5,1.6e-05
C18,800,15,12,16,7,1.6e-05
C19,800,15,18,4,3,1.6e-05
C20,800,15,18,4,5,1.6e-05
C21,800,15,18,4,7,1.6e-05
C22,800,15,18,8,3,1.6e-05
C23,800,15,18,8,5,1.6e-05
C24,800,15,18,8,7,1.6e-05
C25,800,15,18,16,3,1.6e-05
C26,800,15,18,16,5,1.6e-05
C27,800,15,18,16,7,1.6e-05
