case_id,thd_pct_initial,current_rms_a_initial,combined_pass_initial,thd_pass_initial,tracking_pass_initial,rms_pass_initial,peak_pass_initial,saturation_pass_initial,steady_pass_initial,thd_pct_selected,current_rms_a_selected,combined_pass_selected,thd_pass_selected,tracking_pass_selected,rms_pass_selected,peak_pass_selected,saturation_pass_selected,steady_pass_selected,thd_decrease_pp,new_failure
N001,0.766021576659,48.0028715992,False,True,True,False,True,True,True,0.352220372561,48.002285029,False,True,True,False,True,True,True,0.413801204098,False
N002,1.14806328765,32.0038553531,True,True,True,True,True,True,True,0.52667566131,32.0023874969,True,True,True,True,True,True,True,0.6213876263400001,False
N003,2.27326857253,16.007540254,True,True,True,True,True,True,True,1.01744170737,16.0040723655,True,True,True,True,True,True,True,1.2558268651600002,False
N004,4.3162256222,8.01400009462,True,True,True,True,True,True,True,1.78448168034,8.00804870211,True,True,True,True,True,True,True,2.5317439418600003,False
N005,7.6537027007,4.02453503411,False,False,True,True,True,True,True,2.77425686389,4.01451371992,True,True,True,True,True,True,True,4.87944583681,False
N006,7.61368112492,4.02464066401,False,False,True,True,True,True,True,2.731112906,4.01437804496,True,True,True,True,True,True,True,4.88256821892,False
N007,4.30177928041,8.01436382402,True,True,True,True,True,True,True,1.75430164001,8.00810014855,True,True,True,True,True,True,True,2.5474776404,False
N008,2.26604154457,16.0076712792,True,True,True,True,True,True,True,1.00755096926,16.0046084405,True,True,True,True,True,True,True,1.2584905753100002,False
N009,1.14768563007,32.0042688509,True,True,True,True,True,True,True,0.520782780192,32.0027591381,True,True,True,True,True,True,True,0.626902849878,False
N010,0.766322159977,48.0031391855,False,True,True,False,True,True,True,0.349601324932,48.0026023984,False,True,True,False,True,True,True,0.416720835045,False
N011,1.13828985579,32.252087068,True,True,True,True,True,True,True,0.522928391201,32.2509797995,True,True,True,True,True,True,True,0.6153614645890001,False
N012,2.20394594401,16.4982968786,True,True,True,True,True,True,True,0.988442711593,16.4949795268,True,True,True,True,True,True,True,1.2155032324169999,False
N013,3.83961300417,8.95395684409,True,True,True,True,True,True,True,1.55494298693,8.94859074266,True,True,True,True,True,True,True,2.28467001724,False
N014,5.4446958037,5.67017204968,False,False,True,True,True,True,True,1.90249149679,5.66272646599,True,True,True,True,True,True,True,3.5422043069100004,False
N015,7.78748558996,4.01877646668,False,False,True,True,True,True,True,3.14509756558,4.00857920913,True,True,True,True,True,True,True,4.642388024380001,False
N016,5.45909456287,5.67009540935,False,False,True,True,True,True,True,1.90762732473,5.66298153193,True,True,True,True,True,True,True,3.55146723814,False
N017,3.85601816011,8.95422918525,True,True,True,True,True,True,True,1.56386319544,8.94909818729,True,True,True,True,True,True,True,2.29215496467,False
N018,2.20713760689,16.4986142189,True,True,True,True,True,True,True,0.98304696967,16.495059749,True,True,True,True,True,True,True,1.2240906372199998,False
N019,1.14118933871,32.2523882422,True,True,True,True,True,True,True,0.520322835048,32.2511899674,True,True,True,True,True,True,True,0.620866503662,False
N020,1.11324358702,32.9878614043,True,True,True,True,True,True,True,0.51328082022,32.9859873978,True,True,True,True,True,True,True,0.5999627667999999,False
N021,2.03359183493,17.8927012786,True,True,True,True,True,True,True,0.911142021196,17.889504536,True,True,True,True,True,True,True,1.1224498137340002,False
N022,3.05423087481,11.3191507017,True,True,True,True,True,True,True,1.22523160826,11.3147950335,True,True,True,True,True,True,True,1.82899926655,False
N023,3.72030318578,8.95079875121,True,True,True,True,True,True,True,1.44643725574,8.94556417755,True,True,True,True,True,True,True,2.2738659300400004,False
N024,4.39028287599,8.00790906997,True,True,True,True,True,True,True,1.97679912827,8.00196112051,True,True,True,True,True,True,True,2.41348374772,False
N025,3.70436720871,8.95081419884,True,True,True,True,True,True,True,1.45424025044,8.94588645679,True,True,True,True,True,True,True,2.25012695827,False
N026,3.0586756769,11.3192355502,True,True,True,True,True,True,True,1.22211900996,11.3148880419,True,True,True,True,True,True,True,1.8365566669400002,False
N027,2.03485192975,17.8926232841,True,True,True,True,True,True,True,0.910227722038,17.8897600502,True,True,True,True,True,True,True,1.124624207712,False
N028,1.11968928182,32.9875126958,True,True,True,True,True,True,True,0.51364349354,32.9857385343,True,True,True,True,True,True,True,0.6060457882799999,False
N029,1.02734601508,35.7788369892,True,True,True,True,True,True,True,0.473622531949,35.7771643788,True,True,True,True,True,True,True,0.5537234831310001,False
N030,1.60556129456,22.6287412298,True,True,True,True,True,True,True,0.711958254087,22.6264929396,True,True,True,True,True,True,True,0.893603040473,False
N031,1.98655681676,17.8899615005,True,True,True,True,True,True,True,0.872307274869,17.8868011562,True,True,True,True,True,True,True,1.1142495418910001,False
N032,2.15408592226,16.493201773,True,True,True,True,True,True,True,0.960432767675,16.4902364381,True,True,True,True,True,True,True,1.1936531545850002,False
N033,2.24749162913,16.0010178491,True,True,True,True,True,True,True,1.02337634531,15.9983357267,True,True,True,True,True,True,True,1.2241152838199998,False
N034,2.13733667396,16.4930910671,True,True,True,True,True,True,True,0.947819208569,16.4903936987,True,True,True,True,True,True,True,1.1895174653910001,False
N035,1.98471510706,17.8897549521,True,True,True,True,True,True,True,0.881206692522,17.8864999838,True,True,True,True,True,True,True,1.103508414538,False
N036,1.60629881723,22.6285585041,True,True,True,True,True,True,True,0.710272369541,22.6261967246,True,True,True,True,True,True,True,0.8960264476889999,False
N037,1.03245305867,35.7782720694,True,True,True,True,True,True,True,0.47414081625,35.7767385762,True,True,True,True,True,True,True,0.55831224242,False
N038,0.813963717373,45.2541693654,True,True,True,True,True,True,True,0.372568415863,45.2531833869,True,True,True,True,True,True,True,0.44139530151,False
N039,1.01798597511,35.7756202823,True,True,True,True,True,True,True,0.468407842407,35.7741181432,True,True,True,True,True,True,True,0.549578132703,False
N040,1.09432825837,32.9827491581,True,True,True,True,True,True,True,0.502256288554,32.9811874905,True,True,True,True,True,True,True,0.5920719698160001,False
N041,1.11445255089,32.2470452709,True,True,True,True,True,True,True,0.510472370377,32.2453278238,True,True,True,True,True,True,True,0.6039801805130001,False
N042,1.12450894393,31.9973544668,True,True,True,True,True,True,True,0.512864779238,31.9963528825,True,True,True,True,True,True,True,0.611644164692,False
N043,1.10918642501,32.247097102,True,True,True,True,True,True,True,0.495755264889,32.2451462974,True,True,True,True,True,True,True,0.6134311601210001,False
N044,1.08434505818,32.9830561448,True,True,True,True,True,True,True,0.491300623783,32.9815202755,True,True,True,True,True,True,True,0.593044434397,False
N045,1.01058986889,35.7756730757,True,True,True,True,True,True,True,0.472684686709,35.7737277514,True,True,True,True,True,True,True,0.5379051821809999,False
N046,0.814828671449,45.2536702658,True,True,True,True,True,True,True,0.371716991423,45.252487065,True,True,True,True,True,True,True,0.44311168002599993,False
N047,0.748660497548,47.997265869,True,True,True,True,True,True,True,0.341644869016,47.9959442513,True,True,True,True,True,True,True,0.407015628532,False
