case_id,control,dt_s,thd_pct,rms_a,delta_thd_pp,delta_rms_a,combined_pass,same_verdict_as_finest
Q01,initial,5e-07,7.79465010016,4.01929085734,0,0,False,True
Q01,initial,1e-06,7.79741586213,4.01946844324,0.00276576197,0.0001775859,False,True
Q01,initial,2e-06,7.78748558996,4.01877646668,-0.0071645102,-0.000514390659999,False,True
Q01,selected,5e-07,3.14992828734,4.00904403577,0,0,True,True
Q01,selected,1e-06,3.15014704867,4.0092953698,0.00021876133,0.000251334030001,True,True
Q01,selected,2e-06,3.14509756558,4.00857920913,-0.00483072176,-0.00046482664,True,True
Q02,initial,5e-07,3.05857806556,11.3195789172,0,0,True,True
Q02,initial,1e-06,3.05825351871,11.3196690534,-0.00032454685,9.01362000008e-05,True,True
Q02,initial,2e-06,3.0586756769,11.3192355502,9.76113400002e-05,-0.000343366999999,True,True
Q02,selected,5e-07,1.22313529965,11.3151953212,0,0,True,True
Q02,selected,1e-06,1.22290966382,11.3153749209,-0.00022563583,0.000179599700001,True,True
Q02,selected,2e-06,1.22211900996,11.3148880419,-0.00101628969,-0.000307279299999,True,True
Q03,initial,5e-07,0.765740489476,48.0031746818,0,0,False,True
Q03,initial,1e-06,0.765891065837,48.0031124717,0.000150576361,-6.22100999976e-05,False,True
Q03,initial,2e-06,0.766322159977,48.0031391855,0.000581670501,-3.54963000007e-05,False,True
Q03,selected,5e-07,0.349596886709,48.0026833962,0,0,False,True
Q03,selected,1e-06,0.349548311029,48.0026391523,-4.857568e-05,-4.42438999997e-05,False,True
Q03,selected,2e-06,0.349601324932,48.0026023984,4.438223e-06,-8.09977999978e-05,False,True
Q04,initial,5e-07,0.74942547623,47.9974957258,0,0,True,True
Q04,initial,1e-06,0.749215133689,47.9976827119,-0.000210342541,0.000186986099997,True,True
Q04,initial,2e-06,0.748660497548,47.997265869,-0.000764978682,-0.000229856799997,True,True
Q04,selected,5e-07,0.342376051231,47.9962303937,0,0,True,True
Q04,selected,1e-06,0.342425366401,47.996366915,4.931517e-05,0.0001365213,True,True
Q04,selected,2e-06,0.341644869016,47.9959442513,-0.000731182215,-0.0002861424,True,True
