case_id,id_peak_a,iq_peak_a,vac_v,vdc_v,fgrid_hz,lf_h,lg_h,rf_ohm,rg_ohm,dead_s,sensor_hz,sensor_offset_a,sensor_gain,adc_bits,grid_h3,grid_h5,extra_delay_pwm,grid_phase_rad,lf_grid_polarity,selection_used
R001,5.65685424949,0,240,407.449318837,60.081068526,0.00102233573377,0.000171466625985,0.0949636183155,0.104304614107,2.41289662201e-07,9070.28572835,0.036651040746,1.00416568281,12,0.0114798523625,0.00514674728196,0,0,False,False
R002,0,5.65685424949,240,397.027157469,60.106101272,0.00105010735139,0.000211751066552,0.0677924376439,0.0616618261015,2.26806260055e-07,11682.9352047,-0.0458210736467,0.999948423771,12,0.002989007454,0.00319259202549,1,0,False,False
R003,0,-5.65685424949,240,392.043319254,59.7628171018,0.000985362011865,0.000241158569598,0.08345757437,0.157749637578,1.56407150479e-07,11537.0723903,-0.00395225674287,1.00268780366,12,0.0107947169786,0.00225812236005,0,0,False,False
R004,11.313708499,11.313708499,240,405.919982207,59.5839924177,0.000956209607736,9.44686551055e-05,0.0661089741545,0.0741116315398,2.18394402368e-07,11239.2070659,0.00437123829497,1.00205002509,12,0.00863294515776,0.00485999666379,1,0,False,False
R005,11.313708499,-11.313708499,240,418.365842315,60.1494480233,0.000909128672938,0.000245539834158,0.0753609456981,0.130665433031,1.17241186786e-07,10750.027982,-0.0323601115624,0.999455693676,12,0.00460529177844,0.00719359543398,0,0,False,False
R006,22.627416998,22.627416998,240,417.407052782,60.45468785,0.00100078704,0.000178252582433,0.0878461703231,0.173106980692,1.98886737922e-07,8244.93001239,0.0152692409687,1.00422247374,12,0.0102222363919,0.00701382239667,1,0,False,False
R007,22.627416998,-22.627416998,240,410.512281508,59.9094381963,0.00103222810652,9.14483953476e-05,0.0922048071604,0.138170190892,2.66865840776e-07,8738.77054828,-0.0485732534519,0.996334277956,12,0.0148831308283,0.00572105278282,0,0,False,False
R008,45.2548339959,0,240,402.193710143,59.8512407702,0.0010878629616,0.000190512961453,0.0784272248467,0.0625407926424,1.00156929319e-07,10273.9498243,0.0113329816358,0.997255896571,12,0.0129460709016,0.00416132065191,1,0,False,False
R009,0,45.2548339959,240,401.061063948,59.981915017,0.00107960646716,0.000127638655305,0.0724691391548,0.185589099029,1.66058225706e-07,8082.80729426,-0.0163998902876,0.997834198832,12,0.0079743125181,0.0039489494903,0,0,False,False
R010,67.8822509939,0,240,386.492213607,60.2665944487,0.000921622072764,0.000204564059287,0.0940074279457,0.124739264264,2.07878186043e-07,11480.7566443,-0.0105562299338,0.995565157925,12,0.00614956204213,0.00121729005134,1,0,False,False
R011,0,67.8822509939,240,389.547979484,59.7465282953,0.000947672849199,6.55284824847e-05,0.0895325066973,0.0787835940636,1.68667675163e-07,10020.0307175,-0.0334280593583,0.99811464953,12,0.00939529252151,0.00179024615324,0,0,False,False
R012,0,-67.8822509939,240,386.970281955,60.4080929107,0.00107401637968,0.000230245170713,0.0762624793722,0.0932432957106,2.49128818715e-07,8622.65345588,-0.0218020158339,1.00298310359,12,0.00166249778575,0.00130692786658,1,0,False,False
R013,5.65685424949,0,240,380.01221002,59.6795399522,0.000904639170489,0.000166442936073,0.0863956531358,0.150422123344,1.10470447928e-07,9876.05274157,-0.0383298304039,1.0016596875,12,0.0090318075993,2.28937873599e-06,0,0,False,False
R014,0,5.65685424949,240,382.466748725,59.5623853229,0.00109703002558,0.000142557942703,0.0886808302946,0.116190920812,1.80012697789e-07,10607.9739841,0.0215930764131,0.998728013726,12,0.000140889377099,0.000462515386017,1,0,False,False
R015,0,-5.65685424949,240,403.334868184,60.0413952557,0.00103751275712,0.000107674748036,0.0916756609016,0.0968789239677,1.25243482189e-07,9704.69525071,-0.0193211453013,0.996121019244,12,0.00731916886907,0.00437528778442,0,0,False,False
R016,11.313708499,11.313708499,240,395.221560942,60.207890035,0.000972039582783,0.000111318211354,0.0737891851785,0.0529175877068,2.87810250728e-07,9411.0258341,0.0463084552713,1.00052973166,12,0.00365981113291,0.00285404267671,1,0,False,False
R017,11.313708499,-11.313708499,240,390.234424988,60.2197601387,0.00104759533208,0.000151450381856,0.0843272258874,0.148930386315,2.98416364141e-07,11836.6157497,-0.0276976969914,1.00466786437,12,0.00416064490537,0.00191895468516,0,0,False,False
R018,22.627416998,22.627416998,240,416.430211347,60.4969016045,0.00101105960818,7.97705661192e-05,0.0787756967693,0.109077008306,1.42671261446e-07,10459.2477067,0.0437143706738,1.00363783838,12,0.0120340351259,0.00683066462755,1,0,False,False
R019,22.627416998,-22.627416998,240,414.81128823,59.6383113057,0.000936260442097,0.000116922135112,0.0824493489675,0.177976124813,2.16574048431e-07,11072.9875004,0.0277692004521,0.995085724099,12,0.00206377873605,0.00652711654312,0,0,False,False
R020,45.2548339959,0,240,412.070787757,59.8179843692,0.000932033354693,5.62878413049e-05,0.0714296361375,0.135077109639,2.56408735318e-07,9267.82528047,0.00324325954613,0.997030565276,12,0.00542159962117,0.00601327270449,1,0,False,False
R021,0,45.2548339959,240,399.967432429,60.3424214909,0.000996484322063,0.00013340249539,0.0648998384502,0.0869060691523,1.90795402665e-07,10858.0639528,0.0196691701769,0.998898882905,12,0.0135320223692,0.0037438935805,0,0,False,False
R022,67.8822509939,0,240,393.45183462,59.9355810264,0.000964083439758,0.000195696421146,0.0697942009223,0.164401753988,2.77235159023e-07,8338.7126936,-0.0074555079441,1.00223797502,12,0.00102192924059,0.00252221899117,1,0,False,False
R023,0,67.8822509939,240,409.392790934,60.2927213101,0.00106565797689,0.000222565122821,0.0809186423646,0.198534956733,1.36676299408e-07,8860.60794843,0.0295448560562,1.00036991895,12,0.0140463978261,0.00551114830019,0,0,False,False
R024,0,-67.8822509939,240,384.273132469,59.5348468145,0.000981879602564,6.81734842479e-05,0.0683501005808,0.193672828208,2.64712251983e-07,9500.3285965,0.0411287187131,1.00101194856,12,0.00677287581241,0.000801212338024,1,0,False,False
