run_id,fft_thd_pct,projection_thd_pct,absolute_difference_pp
baseline_N001_initial,0.766333923314,0.766333919296,4.01799182814e-09
baseline_N002_initial,1.14791929551,1.14791926153,3.39820838136e-08
baseline_N003_initial,2.26405142566,2.26405142582,1.61572089041e-10
baseline_N004_initial,4.27355174914,4.27355174917,3.27329274796e-11
baseline_N005_initial,7.4988274278,7.49882742922,1.41668365927e-09
baseline_N006_initial,7.44670990044,7.4467099009,4.60027571592e-10
baseline_N007_initial,4.25628084137,4.25628084033,1.04220720942e-09
baseline_N008_initial,2.25562086599,2.25562086566,3.29371641072e-10
baseline_N009_initial,1.14708942545,1.1470894127,1.27464103716e-08
baseline_N010_initial,0.766559975115,0.766559986781,1.16661665883e-08
baseline_N011_initial,1.13985569737,1.13985569773,3.59044349807e-10
baseline_N012_initial,2.20215567378,2.20215566623,7.55186491119e-09
baseline_N013_initial,3.825373149,3.82537315671,7.7119279851e-09
baseline_N014_initial,5.43345509216,5.4334550916,5.63021629318e-10
baseline_N015_initial,7.80995444859,7.80995445731,8.72124150675e-09
baseline_N016_initial,5.4514580548,5.45145805416,6.38014086007e-10
baseline_N017_initial,3.8369065729,3.83690655737,1.5531688824e-08
baseline_N018_initial,2.20356622444,2.20356622508,6.35617336542e-10
baseline_N019_initial,1.1426174805,1.14261749117,1.06675506206e-08
baseline_N020_initial,1.11517662722,1.11517662443,2.79017831062e-09
baseline_N021_initial,2.03484760342,2.03484760745,4.03445277186e-09
baseline_N022_initial,3.05103404956,3.05103401252,3.70414166007e-08
baseline_N023_initial,3.72105692108,3.72105692492,3.84190368408e-09
baseline_N024_initial,4.38968605765,4.38968616463,1.06981561387e-07
baseline_N025_initial,3.709233722,3.70923373212,1.01156829579e-08
baseline_N026_initial,3.05727485446,3.05727488597,3.15054711209e-08
baseline_N027_initial,2.02965383781,2.02965383676,1.05222541791e-09
baseline_N028_initial,1.11983836136,1.11983835181,9.5544587797e-09
baseline_N029_initial,1.03011734462,1.03011731775,2.6870752956e-08
baseline_N030_initial,1.60415498561,1.60415498625,6.40175468192e-10
baseline_N031_initial,1.98541029923,1.98541030409,4.86324824855e-09
baseline_N032_initial,2.14899275437,2.14899279135,3.6977689355e-08
baseline_N033_initial,2.24426101733,2.24426101709,2.44492426305e-10
baseline_N034_initial,2.13358299029,2.13358299852,8.23188672783e-09
baseline_N035_initial,1.98472730992,1.98472730347,6.45469055982e-09
baseline_N036_initial,1.60719579924,1.60719581413,1.48878280815e-08
baseline_N037_initial,1.03106556705,1.03106556723,1.76113790218e-10
baseline_N038_initial,0.814618526637,0.814618526758,1.20752852162e-10
baseline_N039_initial,1.01733004637,1.01733004746,1.0909728676e-09
baseline_N040_initial,1.09256371968,1.09256372094,1.25994015221e-09
baseline_N041_initial,1.11190973513,1.11190971363,2.15025044437e-08
baseline_N042_initial,1.12256654755,1.12256655436,6.81103240474e-09
baseline_N043_initial,1.1059669819,1.10596698851,6.61325727513e-09
baseline_N044_initial,1.08163780445,1.08163779616,8.28973689693e-09
baseline_N045_initial,1.00994617696,1.00994618424,7.2804329232e-09
baseline_N046_initial,0.814728994134,0.81472899309,1.04350361685e-09
baseline_N047_initial,0.747568525097,0.747568512439,1.26583126203e-08
doe_N014_C01,3.73942335003,3.73942335786,7.8301183315e-09
doe_N015_C01,5.53787329285,5.53787329454,1.6876473552e-09
doe_N016_C01,3.75868902566,3.75868903118,5.52083845307e-09
doe_N022_C01,2.2098885123,2.20988851667,4.3726005039e-09
doe_N024_C01,3.25063573395,3.25063573364,3.09504866181e-10
doe_N026_C01,2.21839557421,2.21839557436,1.47331924438e-10
doe_N030_C01,1.19305403746,1.1930540358,1.65640345884e-09
doe_N033_C01,1.67480363654,1.67480363715,6.0862137552e-10
doe_N036_C01,1.19624777676,1.19624777532,1.44026301996e-09
doe_N014_C02,3.14760659253,3.14760659269,1.57549973068e-10
doe_N015_C02,4.72102047454,4.72102047454,3.85291798466e-12
doe_N016_C02,3.15586368715,3.1558636676,1.95511873358e-08
doe_N022_C02,1.86393715363,1.86393714958,4.05449740448e-09
doe_N024_C02,2.78859520275,2.78859521515,1.24020362868e-08
doe_N026_C02,1.87117786709,1.87117788306,1.59686985857e-08
doe_N030_C02,1.02026724462,1.02026724696,2.33851005227e-09
doe_N033_C02,1.43742302149,1.43742302783,6.34415120437e-09
doe_N036_C02,1.02346822491,1.0234682241,8.14757150636e-10
doe_N014_C03,2.93924018735,2.93924019829,1.094101032e-08
doe_N015_C03,4.37927878834,4.37927879782,9.47501899162e-09
doe_N016_C03,2.93756257867,2.93756252039,5.8282388693e-08
doe_N022_C03,1.70365891179,1.70365888784,2.39523265666e-08
doe_N024_C03,2.55124410894,2.55124417252,6.35830619267e-08
doe_N026_C03,1.70253743261,1.70253742825,4.35626978934e-09
doe_N030_C03,0.93412773995,0.934127739682,2.68495004008e-10
doe_N033_C03,1.30708594677,1.30708594368,3.09334202697e-09
doe_N036_C03,0.93310763408,0.933107632193,1.88734239348e-09
doe_N014_C04,3.75503760495,3.75503761997,1.50225836215e-08
doe_N015_C04,5.54751622348,5.5475162281,4.61610749625e-09
doe_N016_C04,3.76606454155,3.76606455187,1.03245936245e-08
doe_N022_C04,2.21888604615,2.21888604887,2.71725086876e-09
doe_N024_C04,3.26433575432,3.26433575748,3.15567660891e-09
doe_N026_C04,2.22476769242,2.22476769254,1.19452447933e-10
doe_N030_C04,1.20017386729,1.20017386399,3.30025184958e-09
doe_N033_C04,1.68247882277,1.6824788222,5.73263658765e-10
doe_N036_C04,1.20407093264,1.20407093388,1.23906063187e-09
doe_N014_C05,3.15518497035,3.1551850054,3.50515922953e-08
doe_N015_C05,4.73871199252,4.73871204552,5.30022923328e-08
doe_N016_C05,3.164871219,3.16487119491,2.40900845938e-08
doe_N022_C05,1.87312721756,1.8731272186,1.041996045e-09
doe_N024_C05,2.80892824857,2.8089281324,1.16169607711e-07
doe_N026_C05,1.88084657718,1.88084657824,1.06057318483e-09
doe_N030_C05,1.02823918121,1.02823917781,3.39759642642e-09
doe_N033_C05,1.44701292402,1.44701287367,5.0347943148e-08
doe_N036_C05,1.03140170514,1.03140169975,5.39405897726e-09
doe_N014_C06,2.9411001422,2.94110014147,7.27779614351e-10
doe_N015_C06,4.38638226268,4.38638226814,5.46452572081e-09
doe_N016_C06,2.93966618957,2.93966618654,3.0264528661e-09
doe_N022_C06,1.71334983013,1.7133498415,1.13734857088e-08
doe_N024_C06,2.56725528076,2.56725533144,5.06808981449e-08
doe_N026_C06,1.7127811124,1.71278111043,1.96913085837e-09
doe_N030_C06,0.940886939638,0.940886950627,1.09887910993e-08
doe_N033_C06,1.31717849493,1.31717849553,5.95291593797e-10
doe_N036_C06,0.939720533711,0.939720538014,4.3032117869e-09
doe_N014_C07,3.75391072454,3.75391071759,6.949940623e-09
doe_N015_C07,5.54465984447,5.5446598457,1.22774235223e-09
doe_N016_C07,3.7574260275,3.7574260282,6.97093938129e-10
doe_N022_C07,2.21871944626,2.21871944244,3.82278475541e-09
doe_N024_C07,3.26988939762,3.26988939779,1.73345338084e-10
doe_N026_C07,2.22393215008,2.22393215268,2.59893839782e-09
doe_N030_C07,1.2041610279,1.20416102729,6.06967809347e-10
doe_N033_C07,1.68819446743,1.68819446652,9.05080232982e-10
doe_N036_C07,1.20557544693,1.20557544714,2.12267536881e-10
doe_N014_C08,3.16131995859,3.16131997773,1.91440268082e-08
doe_N015_C08,4.73839058949,4.73839064924,5.97484985931e-08
doe_N016_C08,3.16235089878,3.16235090379,5.00806240922e-09
doe_N022_C08,1.88159166773,1.8815916898,2.20724174493e-08
doe_N024_C08,2.82789543871,2.82789543259,6.11996453515e-09
doe_N026_C08,1.88673555873,1.88673555616,2.57065746467e-09
doe_N030_C08,1.03688007872,1.0368800742,4.51909509813e-09
doe_N033_C08,1.46217883467,1.4621788217,1.29726318576e-08
doe_N036_C08,1.03785176096,1.03785175106,9.89979831445e-09
doe_N014_C09,2.93788867937,2.93788869289,1.3520749409e-08
doe_N015_C09,4.38347347004,4.38347344386,2.61844661509e-08
doe_N016_C09,2.93429905821,2.93429906596,7.74513386759e-09
doe_N022_C09,1.71690192848,1.716902014,8.55224930874e-08
doe_N024_C09,2.58905709451,2.58905706309,3.14236960897e-08
doe_N026_C09,1.71507123031,1.71507118168,4.86337374817e-08
doe_N030_C09,0.950848663518,0.950848681525,1.8006959146e-08
doe_N033_C09,1.34121924575,1.34121922706,1.86871178531e-08
doe_N036_C09,0.947393061283,0.947393056843,4.44037695502e-09
doe_N014_C10,3.39448283647,3.39448283666,1.9289503328e-10
doe_N015_C10,5.11816810407,5.11816809813,5.94446447622e-09
doe_N016_C10,3.40960277857,3.40960279392,1.53547672355e-08
doe_N022_C10,2.04608763847,2.04608763093,7.53786277841e-09
doe_N024_C10,3.05426498138,3.05426497939,1.99420258085e-09
doe_N026_C10,2.05478892661,2.05478892109,5.51976153673e-09
doe_N030_C10,1.1184139674,1.11841396765,2.49127829477e-10
doe_N033_C10,1.57390048413,1.57390048777,3.64486929527e-09
doe_N036_C10,1.12265486531,1.12265486371,1.59530388899e-09
doe_N014_C11,2.56091440527,2.5609144213,1.6027207117e-08
doe_N015_C11,4.02552019166,4.02552030293,1.11267952185e-07
doe_N016_C11,2.57963156639,2.5796315643,2.08934736179e-09
doe_N022_C11,1.59181354662,1.59181354685,2.32209140805e-10
doe_N024_C11,2.45448121466,2.45448120454,1.01210471115e-08
doe_N026_C11,1.5990793893,1.59907939481,5.50720469228e-09
doe_N030_C11,0.892630739766,0.892630739664,1.02168606908e-10
doe_N033_C11,1.27753327723,1.27753329117,1.39420137657e-08
doe_N036_C11,0.89866829882,0.898668300583,1.76349379544e-09
doe_N014_C12,2.21105551292,2.21105550188,1.10438853618e-08
doe_N015_C12,3.48880546407,3.48880540893,5.51429293338e-08
doe_N016_C12,2.20622815281,2.20622810775,4.50551000952e-08
doe_N022_C12,1.35367201925,1.35367201587,3.38462724514e-09
doe_N024_C12,2.11630113762,2.11630113826,6.41433128834e-10
doe_N026_C12,1.35241001562,1.35241001234,3.27538129952e-09
doe_N030_C12,0.767412955651,0.767412962408,6.75696865127e-09
doe_N033_C12,1.0964954852,1.09649548413,1.07079056733e-09
doe_N036_C12,0.768050256865,0.768050262888,6.02332772548e-09
doe_N014_C13,3.41484906049,3.4148490612,7.05502767318e-10
doe_N015_C13,5.13404221453,5.13404221415,3.77863962342e-10
doe_N016_C13,3.42092233301,3.42092233915,6.14304118685e-09
doe_N022_C13,2.05904008514,2.0590400807,4.44358638774e-09
doe_N024_C13,3.07412829868,3.0741282952,3.47903839071e-09
doe_N026_C13,2.06400137764,2.06400135879,1.88470319351e-08
doe_N030_C13,1.12660397505,1.12660396923,5.81531112154e-09
doe_N033_C13,1.58599758682,1.58599758512,1.70113101383e-09
doe_N036_C13,1.12930366021,1.12930365161,8.59868176661e-09
doe_N014_C14,2.587064316,2.58706430732,8.68173799518e-09
doe_N015_C14,4.06481187785,4.06481187726,5.87567328125e-10
doe_N016_C14,2.59486046254,2.59486042311,3.94314660923e-08
doe_N022_C14,1.61530789988,1.61530790972,9.84082992872e-09
doe_N024_C14,2.49344944411,2.49344944807,3.96407129344e-09
doe_N026_C14,1.61821484908,1.61821484871,3.71016328771e-10
doe_N030_C14,0.908468486878,0.908468487455,5.76797054563e-10
doe_N033_C14,1.30384901556,1.30384902299,7.42593053715e-09
doe_N036_C14,0.912133747557,0.912133750724,3.1666854694e-09
doe_N014_C15,2.22812562229,2.22812559448,2.78140324106e-08
doe_N015_C15,3.52984344811,3.52984344705,1.05749897727e-09
doe_N016_C15,2.2262023014,2.22620222726,7.41364720724e-08
doe_N022_C15,1.37798503274,1.37798513432,1.01581006273e-07
doe_N024_C15,2.17309007454,2.17309007488,3.40601324922e-10
doe_N026_C15,1.3728912393,1.37289123376,5.53916157386e-09
doe_N030_C15,0.787175241197,0.787175249642,8.44525860355e-09
doe_N033_C15,1.1235231545,1.12352315201,2.49039300293e-09
doe_N036_C15,0.785694057051,0.785694060708,3.65652863543e-09
doe_N014_C16,3.37607663861,3.37607664441,5.79670134115e-09
doe_N015_C16,5.06960478318,5.06960481376,3.05761052033e-08
doe_N016_C16,3.37011636897,3.37011638381,1.48351966267e-08
doe_N022_C16,2.03782200699,2.03782200014,6.85042023107e-09
doe_N024_C16,3.05395017413,3.05395018211,7.98457255868e-09
doe_N026_C16,2.03980424041,2.03980424242,2.01224548135e-09
doe_N030_C16,1.12117644293,1.12117643967,3.26080695778e-09
doe_N033_C16,1.58123542169,1.58123542301,1.31809341219e-09
doe_N036_C16,1.12172156955,1.12172156991,3.61479290945e-10
doe_N014_C17,2.57696496631,2.57696494593,2.0376909049e-08
doe_N015_C17,4.05048474391,4.05048452086,2.23048755466e-07
doe_N016_C17,2.57593062114,2.57593061059,1.05502557801e-08
doe_N022_C17,1.61111259192,1.61111259726,5.34371036309e-09
doe_N024_C17,2.5058640582,2.50586398631,7.18854926696e-08
doe_N026_C17,1.61119257951,1.61119258898,9.46886813402e-09
doe_N030_C17,0.914633181598,0.914633204505,2.29070374891e-08
doe_N033_C17,1.31230006981,1.31230007936,9.5468533079e-09
doe_N036_C17,0.91432999682,0.91432999678,3.95654620178e-11
doe_N014_C18,2.2294684743,2.22946851304,3.87433041205e-08
doe_N015_C18,3.53631412295,3.53631410729,1.56617265823e-08
doe_N016_C18,2.22546533405,2.22546525303,8.10216409519e-08
doe_N022_C18,1.38732602204,1.38732591379,1.08253618514e-07
doe_N024_C18,2.20248252447,2.20248250345,2.1017257712e-08
doe_N026_C18,1.37996240735,1.37996235076,5.65931448371e-08
doe_N030_C18,0.802313342692,0.802313357331,1.46390909395e-08
doe_N033_C18,1.15793885721,1.15793885722,1.13973275262e-11
doe_N036_C18,0.801826125376,0.801826155774,3.03978074934e-08
doe_N014_C19,3.28634125173,3.28634125447,2.73621258984e-09
doe_N015_C19,5.00086483799,5.00086483473,3.25583826566e-09
doe_N016_C19,3.2928940246,3.29289403579,1.11862319407e-08
doe_N022_C19,1.99653195064,1.99653195512,4.47802284143e-09
doe_N024_C19,2.99595101883,2.99595104675,2.79209988463e-08
doe_N026_C19,2.00260712011,2.00260711126,8.85014062035e-09
doe_N030_C19,1.09531815258,1.09531814804,4.53687332147e-09
doe_N033_C19,1.54520650724,1.54520651551,8.27261770198e-09
doe_N036_C19,1.09871854252,1.09871854952,6.99731073084e-09
doe_N014_C20,2.34532344174,2.34532345146,9.72173141989e-09
doe_N015_C20,3.80698927703,3.8069892312,4.58267597203e-08
doe_N016_C20,2.35908899754,2.35908899636,1.18420384609e-09
doe_N022_C20,1.4978732021,1.49787320277,6.74790001653e-10
doe_N024_C20,2.3555146857,2.35551465314,3.25604223583e-08
doe_N026_C20,1.50484436489,1.50484436717,2.28293739468e-09
doe_N030_C20,0.851303012873,0.851303013193,3.20374726748e-10
doe_N033_C20,1.21857210014,1.21857209785,2.29160734833e-09
doe_N036_C20,0.854966090321,0.854966094624,4.30317925737e-09
doe_N014_C21,1.89920617819,1.8992061695,8.68514193897e-09
doe_N015_C21,3.16701356366,3.16701355525,8.40744762698e-09
doe_N016_C21,1.89961767451,1.89961766468,9.82699921437e-09
doe_N022_C21,1.21982183571,1.21982183385,1.8552730463e-09
doe_N024_C21,1.97640663105,1.97640664848,1.74281900023e-08
doe_N026_C21,1.21707868878,1.21707870129,1.25144687946e-08
doe_N030_C21,0.709147086413,0.70914706439,2.20228435488e-08
doe_N033_C21,1.02266380637,1.02266380568,6.89311718816e-10
doe_N036_C21,0.711459644625,0.711459672957,2.83316773375e-08
doe_N014_C22,3.29012440766,3.29012444485,3.71890633843e-08
doe_N015_C22,5.00816966802,5.0081696698,1.77525905087e-09
doe_N016_C22,3.29554167674,3.29554162959,4.71507011213e-08
doe_N022_C22,2.0077961194,2.00779610201,1.73869798559e-08
doe_N024_C22,3.01513589926,3.01513592206,2.28014505055e-08
doe_N026_C22,2.01046278199,2.01046278728,5.28547783318e-09
doe_N030_C22,1.10445899454,1.10445901112,1.65787317208e-08
doe_N033_C22,1.55537611137,1.55537611042,9.49137213269e-10
doe_N036_C22,1.10484214811,1.1048421473,8.06409827803e-10
doe_N014_C23,2.3758473399,2.37584738852,4.86232440977e-08
doe_N015_C23,3.85596468798,3.85596471898,3.10022127969e-08
doe_N016_C23,2.37927697845,2.37927698691,8.4568760883e-09
doe_N022_C23,1.52259506171,1.52259505718,4.52677029195e-09
doe_N024_C23,2.40227671487,2.4022767108,4.07000699809e-09
doe_N026_C23,1.52986908866,1.52986908807,5.87835113919e-10
doe_N030_C23,0.869316616562,0.869316612591,3.97122812412e-09
doe_N033_C23,1.25651747783,1.25651750238,2.45547113753e-08
doe_N036_C23,0.872339738613,0.872339739026,4.1323777733e-10
doe_N014_C24,1.93783884206,1.93783880732,3.47434747638e-08
doe_N015_C24,3.24128442148,3.24128442353,2.04768291212e-09
doe_N016_C24,1.93377748351,1.93377750001,1.65015441311e-08
doe_N022_C24,1.25294891734,1.25294904515,1.27810241501e-07
doe_N024_C24,2.06056959724,2.06056959454,2.69711275536e-09
doe_N026_C24,1.25371219545,1.25371222986,3.44102488725e-08
doe_N030_C24,0.737398536139,0.73739854805,1.19106566832e-08
doe_N033_C24,1.07986132498,1.07986132243,2.55050958131e-09
doe_N036_C24,0.736618766715,0.736618776228,9.51326584175e-09
doe_N014_C25,3.18231810201,3.18231819261,9.05995127809e-08
doe_N015_C25,4.850293288,4.85029329923,1.12319540335e-08
doe_N016_C25,3.17134872484,3.17134873677,1.19254552899e-08
doe_N022_C25,1.94845597932,1.94845599359,1.42734846165e-08
doe_N024_C25,2.94174567533,2.94174567979,4.46215731031e-09
doe_N026_C25,1.94564696602,1.9456469676,1.58260538008e-09
doe_N030_C25,1.08220443962,1.08220441948,2.014137368e-08
doe_N033_C25,1.52968013994,1.52968015284,1.28971722191e-08
doe_N036_C25,1.07816885061,1.07816885023,3.77053055445e-10
doe_N014_C26,2.30910822714,2.30910800146,2.25683421728e-07
doe_N015_C26,3.76078546547,3.7607854791,1.36261082417e-08
doe_N016_C26,2.29908533543,2.29908533041,5.02320718354e-09
doe_N022_C26,1.4852248975,1.4852248715,2.60036914224e-08
doe_N024_C26,2.35887775354,2.3588777344,1.91428664031e-08
doe_N026_C26,1.47967283149,1.4796728318,3.11175973877e-10
doe_N030_C26,0.860820949968,0.860820920454,2.95143308682e-08
doe_N033_C26,1.24902461979,1.24902463572,1.5927511976e-08
doe_N036_C26,0.859946240732,0.859946237402,3.33004113173e-09
doe_N014_C27,1.90882157889,1.90882152975,4.91378082668e-08
doe_N015_C27,3.20896000193,3.20896003099,2.9055081896e-08
doe_N016_C27,1.91093681738,1.91093679011,2.72673084112e-08
doe_N022_C27,1.23570406625,1.23570413129,6.50359088805e-08
doe_N024_C27,2.05923722049,2.05923723805,1.75602368202e-08
doe_N026_C27,1.2362244152,1.23622444749,3.22940185704e-08
doe_N030_C27,0.743580853858,0.743580854931,1.07322251086e-09
doe_N033_C27,1.09504528115,1.09504527376,7.39481165191e-09
doe_N036_C27,0.740215886692,0.7402159099,2.32082737472e-08
improved_N001_selected,0.351934341274,0.351934379874,3.86004483377e-08
improved_N002_selected,0.524775236213,0.524775236264,5.13848963379e-11
improved_N003_selected,1.00438577654,1.00438577823,1.69078795409e-09
improved_N004_selected,1.72466431052,1.72466431026,2.61265675761e-10
improved_N005_selected,2.65690925958,2.65690926421,4.6261434683e-09
improved_N006_selected,2.61136573658,2.6113657314,5.17613463202e-09
improved_N007_selected,1.69205986162,1.69205985908,2.53850185317e-09
improved_N008_selected,0.994070293286,0.994070287671,5.61499391427e-09
improved_N009_selected,0.520224784046,0.520224783982,6.40361097481e-11
improved_N010_selected,0.349351369107,0.349351403412,3.4305160157e-08
improved_N011_selected,0.520908361399,0.520908253761,1.07638210678e-07
improved_N012_selected,0.977591834752,0.97759184699,1.22377989964e-08
improved_N013_selected,1.52956980906,1.52956980976,6.98693547463e-10
improved_N014_selected,1.89920617819,1.8992061695,8.68514193897e-09
improved_N015_selected,3.16701356366,3.16701355525,8.40744762698e-09
improved_N016_selected,1.89961767451,1.89961766468,9.82699921437e-09
improved_N017_selected,1.53383005058,1.53383002788,2.26956105021e-08
improved_N018_selected,0.97549364737,0.975493616845,3.05247918053e-08
improved_N019_selected,0.522901660783,0.522901682129,2.13463430265e-08
improved_N020_selected,0.512198447518,0.512198467421,1.99025098624e-08
improved_N021_selected,0.906876253743,0.906876249525,4.21811952034e-09
improved_N022_selected,1.21982183571,1.21982183385,1.8552730463e-09
improved_N023_selected,1.45003451737,1.45003451936,1.99221217301e-09
improved_N024_selected,1.97640663105,1.97640664848,1.74281900023e-08
improved_N025_selected,1.461472118,1.46147209464,2.33627870383e-08
improved_N026_selected,1.21707868878,1.21707870129,1.25144687946e-08
improved_N027_selected,0.898397724557,0.89839772067,3.88680476693e-09
improved_N028_selected,0.513789802896,0.513789823184,2.02884410383e-08
improved_N029_selected,0.47418129768,0.474181298044,3.63773899892e-10
improved_N030_selected,0.709147086413,0.70914706439,2.20228435488e-08
improved_N031_selected,0.871868238237,0.871868227723,1.05142795581e-08
improved_N032_selected,0.959638984672,0.959638958945,2.5726876407e-08
improved_N033_selected,1.02266380637,1.02266380568,6.89311718816e-10
improved_N034_selected,0.948189738399,0.948189726414,1.19847106683e-08
improved_N035_selected,0.882057976886,0.882057978071,1.18490972589e-09
improved_N036_selected,0.711459644625,0.711459672957,2.83316773375e-08
improved_N037_selected,0.471892669727,0.471892671142,1.41468875503e-09
improved_N038_selected,0.372104929165,0.372104932295,3.13028075682e-09
improved_N039_selected,0.467921023296,0.467921015015,8.28148472021e-09
improved_N040_selected,0.500610482737,0.500610481281,1.45621503744e-09
improved_N041_selected,0.509679436151,0.509679436428,2.77282641292e-10
improved_N042_selected,0.51208120982,0.512081212462,2.64204924605e-09
improved_N043_selected,0.495444188016,0.495444188331,3.15041936982e-10
improved_N044_selected,0.491420938617,0.491420937985,6.32452590299e-10
improved_N045_selected,0.471077216477,0.471077216918,4.4058223736e-10
improved_N046_selected,0.372623312804,0.372623314523,1.71916780811e-09
improved_N047_selected,0.340695175285,0.340695175804,5.18584619691e-10
voltage_V001_initial,7.89474959216,7.89474959573,3.56637652743e-09
voltage_V001_selected,3.22823080159,3.22823083659,3.49978752645e-08
voltage_V002_initial,7.16413140543,7.16413140409,1.33680444492e-09
voltage_V002_selected,2.44515505824,2.4451550729,1.46645318111e-08
voltage_V003_initial,7.2103923375,7.21039233802,5.23327159385e-10
voltage_V003_selected,2.47130843015,2.47130844215,1.20003815773e-08
voltage_V004_initial,3.04937476588,3.04937478648,2.05967150002e-08
voltage_V004_selected,1.21466996702,1.21466992273,4.42875647266e-08
voltage_V005_initial,3.04654476719,3.04654476345,3.73893049854e-09
voltage_V005_selected,1.22239027895,1.222390294,1.50458028259e-08
voltage_V006_initial,1.60663822018,1.60663823501,1.48310841386e-08
voltage_V006_selected,0.709362645824,0.709362646108,2.84228418579e-10
voltage_V007_initial,1.60398393244,1.60398393458,2.14453099723e-09
voltage_V007_selected,0.712332827454,0.712332834128,6.6736256521e-09
voltage_V008_initial,1.12295274752,1.12295276643,1.8909465993e-08
voltage_V008_selected,0.512410406841,0.512410407991,1.14992204647e-09
voltage_V009_initial,1.14516350461,1.14516350464,2.77644573998e-11
voltage_V009_selected,0.518067204461,0.518067204245,2.15814588422e-10
voltage_V010_initial,0.746849039387,0.746849054775,1.53875888698e-08
voltage_V010_selected,0.340553324628,0.34055332423,3.97773314287e-10
voltage_V011_initial,0.765795072406,0.765795072406,1.97397653778e-13
voltage_V011_selected,0.348856411594,0.348856411698,1.04344199947e-10
voltage_V012_initial,0.766844325419,0.766844343655,1.82364644497e-08
voltage_V012_selected,0.35082514082,0.350825152062,1.12424564658e-08
voltage_V013_initial,7.77035224527,7.7703524554,2.10133167755e-07
voltage_V013_selected,3.12116777279,3.12116771303,5.97639959743e-08
voltage_V014_initial,7.85228815419,7.85228815365,5.44400080571e-10
voltage_V014_selected,2.93484011494,2.93484011347,1.47310608156e-09
voltage_V015_initial,7.89147802664,7.89147802843,1.79328640826e-09
voltage_V015_selected,2.98581339742,2.98581340604,8.61913518335e-09
voltage_V016_initial,3.06098517279,3.06098518814,1.53470622877e-08
voltage_V016_selected,1.22673380129,1.22673378692,1.4374367252e-08
voltage_V017_initial,3.05791911553,3.05791911663,1.09772102519e-09
voltage_V017_selected,1.23547757757,1.23547757534,2.22686269424e-09
voltage_V018_initial,1.60588228743,1.60588230694,1.9513967553e-08
voltage_V018_selected,0.711042445852,0.711042416633,2.92189092921e-08
voltage_V019_initial,1.60779420648,1.60779419611,1.03668573725e-08
voltage_V019_selected,0.715942933807,0.715942932309,1.49777157343e-09
voltage_V020_initial,1.12868495561,1.12868495528,3.26837890086e-10
voltage_V020_selected,0.516538079184,0.516538079426,2.42479036849e-10
voltage_V021_initial,1.14818980636,1.1481897811,2.52628349351e-08
voltage_V021_selected,0.524035627266,0.524035551203,7.60626771568e-08
voltage_V022_initial,0.751922109222,0.751922095083,1.41385183561e-08
voltage_V022_selected,0.343855221632,0.343855221721,8.91645091095e-11
voltage_V023_initial,0.766633460648,0.76663346222,1.57208057683e-09
voltage_V023_selected,0.349465287273,0.349465303281,1.60079728362e-08
voltage_V024_initial,0.764960387732,0.764960387132,5.99787886024e-10
voltage_V024_selected,0.353581660189,0.353581682845,2.26562782424e-08
structure_L01_initial,7.80857129232,7.80857129483,2.5099993195e-09
structure_L01_selected,3.16436704621,3.16436704407,2.13614015365e-09
structure_L02_initial,3.06989605183,3.06989604607,5.76124126184e-09
structure_L02_selected,1.24588547185,1.24588550869,3.68352093272e-08
structure_L03_initial,3.05513352289,3.05513353294,1.00540198389e-08
structure_L03_selected,1.22643415153,1.22643415541,3.87916099243e-09
structure_L04_initial,1.13446263868,1.13446267574,3.70619757106e-08
structure_L04_selected,0.529711717616,0.529711717632,1.57855950533e-11
structure_L05_initial,1.14118731336,1.14118731318,1.81309856018e-10
structure_L05_selected,0.554108008478,0.55410800836,1.1849754511e-10
structure_L06_initial,0.753871247486,0.753871231662,1.5823874433e-08
structure_L06_selected,0.379560127968,0.379560127825,1.43464962132e-10
ablation_A01_nominal,7.80995444859,7.80995445731,8.72124150675e-09
ablation_A01_no_deadtime,0.520732024855,0.520732053847,2.89917053697e-08
ablation_A01_ideal_sensor,7.10039573909,7.10039573909,4.04387634489e-12
ablation_A02_nominal,3.05727485446,3.05727488597,3.15054711209e-08
ablation_A02_no_deadtime,0.18241193178,0.182411938865,7.08526798343e-09
ablation_A02_ideal_sensor,3.25876795306,3.25876795306,7.46958050968e-13
ablation_A03_nominal,0.766559975115,0.766559986781,1.16661665883e-08
ablation_A03_no_deadtime,0.0448284179686,0.0448284181537,1.85129377106e-10
ablation_A03_ideal_sensor,0.758148146908,0.758148146908,3.34843264227e-13
functional_F01_selected,0.340695175285,0.340695175804,5.18584619691e-10
functional_F02_selected,0.349351369107,0.349351403412,3.4305160157e-08
functional_F03_selected,0.351934341274,0.351934379874,3.86004483377e-08
functional_F04_selected,1.05813806756,1.05813806513,2.43255970922e-09
functional_F07_selected,2.03943733526,2.03943732507,1.01915977879e-08
functional_F08_selected,2.09760556106,2.09760555514,5.91928683846e-09
transient_T01_initial,2.24418245149,2.24418245556,4.06609546033e-09
transient_T01_selected,1.02298700269,1.02298700062,2.06819006365e-09
transient_T02_initial,1.60708536737,1.60708537501,7.63739227416e-09
transient_T02_selected,0.711505349237,0.711505319898,2.93385629124e-08
transient_T03_initial,1.60405905699,1.60405905047,6.51586762324e-09
transient_T03_selected,0.709140433773,0.709140412765,2.10078803242e-08
transient_T04_initial,0.747734169587,0.747734180216,1.06286806023e-08
transient_T04_selected,0.340795490692,0.34079549108,3.8826614146e-10
refinement_Q01_initial_2.0e-06,7.80995444859,7.80995445731,8.72124150675e-09
refinement_Q01_initial_1.0e-06,7.81796892822,7.81796894456,1.63387978702e-08
refinement_Q01_initial_5.0e-07,7.8192480806,7.81924811182,3.12240135969e-08
long_duration_Q01_initial,7.80958885056,7.80958880544,4.51214923203e-08
refinement_Q01_selected_2.0e-06,3.16701356366,3.16701355525,8.40744762698e-09
refinement_Q01_selected_1.0e-06,3.16602015725,3.16602019782,4.05725262276e-08
refinement_Q01_selected_5.0e-07,3.16757696816,3.16757698077,1.2612363598e-08
long_duration_Q01_selected,3.16539917752,3.16539909996,7.75641324502e-08
refinement_Q02_initial_2.0e-06,3.05727485446,3.05727488597,3.15054711209e-08
refinement_Q02_initial_1.0e-06,3.05747841522,3.05747841494,2.83046475147e-10
refinement_Q02_initial_5.0e-07,3.05582885134,3.05582884945,1.88529059031e-09
long_duration_Q02_initial,3.0569308952,3.05693089029,4.90737939174e-09
refinement_Q02_selected_2.0e-06,1.21707868878,1.21707870129,1.25144687946e-08
refinement_Q02_selected_1.0e-06,1.21551116752,1.2155111456,2.19160694037e-08
refinement_Q02_selected_5.0e-07,1.21374716223,1.21374715309,9.13719477857e-09
long_duration_Q02_selected,1.21764276701,1.21764271868,4.83334012813e-08
refinement_Q03_initial_2.0e-06,0.766559975115,0.766559986781,1.16661665883e-08
refinement_Q03_initial_1.0e-06,0.766314070453,0.766314070753,3.00314995094e-10
refinement_Q03_initial_5.0e-07,0.766540521515,0.766540516432,5.08311459591e-09
long_duration_Q03_initial,0.766367076725,0.766367076236,4.8886339421e-10
refinement_Q03_selected_2.0e-06,0.349351369107,0.349351403412,3.4305160157e-08
refinement_Q03_selected_1.0e-06,0.349153353165,0.349153381928,2.8762702442e-08
refinement_Q03_selected_5.0e-07,0.348964619393,0.348964621889,2.4963207057e-09
long_duration_Q03_selected,0.349257613362,0.349257560641,5.27206044931e-08
refinement_Q04_initial_2.0e-06,0.747568525097,0.747568512439,1.26583126203e-08
refinement_Q04_initial_1.0e-06,0.748420487133,0.748420487824,6.90992152386e-10
refinement_Q04_initial_5.0e-07,0.748288533071,0.748288533145,7.3739681028e-11
long_duration_Q04_initial,0.747657632729,0.74765763871,5.98095606374e-09
refinement_Q04_selected_2.0e-06,0.340695175285,0.340695175804,5.18584619691e-10
refinement_Q04_selected_1.0e-06,0.34163962951,0.341639629653,1.4300144402e-10
refinement_Q04_selected_5.0e-07,0.341584650098,0.341584650151,5.33942334791e-11
long_duration_Q04_selected,0.340764931473,0.340764931498,2.4629465134e-11
