run_id,phase,case_id,p,q,vrms,vdc,lf,lg,rf,rg,dead_us,zero_a,v3,v5,offset_a,adc_step,dead_shape,bw_hz,comp_gain,comp_width_a,estimated_dead_us,thd_pct,i1_rms_a,harmonic_rms_a,i_rms_a,i_dc_a,p_w,q1_var,p_error_w,q_error_var,pq_tolerance,peak_a,saturation_fraction,periodicity_rms_a,pll_error_deg,residual_to_35a_pct,thd_pass,guardrail_pass,combined_pass,wave_archive,wave_full,h01_rms_a,h02_rms_a,h03_rms_a,h04_rms_a,h05_rms_a,h06_rms_a,h07_rms_a,h08_rms_a,h09_rms_a,h10_rms_a,h11_rms_a,h12_rms_a,h13_rms_a,h14_rms_a,h15_rms_a,h16_rms_a,h17_rms_a,h18_rms_a,h19_rms_a,h20_rms_a,h21_rms_a,h22_rms_a,h23_rms_a,h24_rms_a,h25_rms_a,h26_rms_a,h27_rms_a,h28_rms_a,h29_rms_a,h30_rms_a,h31_rms_a,h32_rms_a,h33_rms_a,h34_rms_a,h35_rms_a,h36_rms_a,h37_rms_a,h38_rms_a,h39_rms_a,h40_rms_a
ablation_0001,ablation,A_low_no_dead,350,0,230,400,0.0015,0.0002,0.15,0.1,0,0.25,0,0,0,0,0,300,0,0.3,1,0.000112021074515,1.5217467699,1.70467708304e-06,1.5217467699,-7.9936057773e-17,350.000697994,0.861022915627,0.000697993504275,0.861022915627,20,2.1520704747,0,1.08853962862e-13,-0.281575406205,4.86918124318e-06,True,True,True,data/ablation_000.npz,False,1.5217467699,1.82714713605e-15,1.70467708304e-06,1.57323402872e-15,1.39502894657e-12,6.94261875004e-15,3.11836120331e-15,6.32589180558e-15,2.16959640983e-15,1.15205610657e-15,2.82479976784e-16,1.29207453952e-15,7.92414915845e-16,2.23508255415e-15,4.38036165997e-16,1.63429918013e-15,1.69657823631e-16,4.23503090574e-16,9.41174011172e-16,5.75063748164e-16,1.34441322605e-15,1.22000574501e-15,4.46167729564e-16,2.9657350488e-16,8.76316378079e-16,8.13560519257e-16,2.64762123281e-15,8.33457387022e-16,1.72276418079e-15,2.82929458715e-16,4.32672898659e-16,4.6506753277e-16,5.40782157781e-16,6.78115220536e-16,8.25352183174e-16,1.2837086571e-16,5.55092678523e-16,1.85387233877e-16,3.62298779403e-16,1.91263460795e-15
ablation_0002,ablation,A_low_base,350,0,230,400,0.0015,0.0002,0.15,0.1,1,0.25,0,0,0,0,0,300,0,0.3,1,36.3092763625,1.52174654432,0.552535158313,1.61895273622,2.96406099665e-11,350.000646157,0.86100395117,0.000646156684581,0.86100395117,20,2.8798090486,0,2.36516402851e-11,-0.281575406205,1.57867269739,False,True,False,data/ablation_000.npz,False,1.52174654432,2.44785383248e-10,0.547424088126,9.06970356603e-11,0.0280535814137,4.02752226323e-11,0.0634999239507,3.11213455545e-11,0.0161183057096,3.06100308349e-11,0.0180341133562,1.44997515241e-11,0.00982534939919,1.38764326055e-11,0.00715745720694,8.17842959948e-12,0.00562981090809,1.13712147974e-11,0.00370581874788,9.91816585055e-12,0.00321106983147,7.25073231489e-12,0.00225039355586,4.45087093833e-12,0.00188360696996,3.86343775085e-12,0.00143973024961,5.14236577115e-12,0.00115531162854,4.90448135575e-12,0.000931076399911,3.48238836072e-12,0.000738309650436,1.58110986413e-12,0.000605378380771,1.73172030403e-12,0.00048436338902,2.67408143278e-12,0.00039710087238,2.67286186925e-12
ablation_0003,ablation,A_low_bw_only,350,0,230,400,0.0015,0.0002,0.15,0.1,1,0.25,0,0,0,0,0,900,0,0.3,1,20.9736953961,1.52174663865,0.31916650469,1.55485693751,4.4408920985e-17,350.000667826,0.861015132367,0.000667825633116,0.861015132367,20,2.48791099244,0,6.77235416791e-14,-0.281575406205,0.911904326735,False,True,False,data/ablation_000.npz,False,1.52174663865,6.85016022168e-16,0.308205903265,1.05820939507e-15,0.0802717391101,1.83038330857e-15,0.00112921312097,1.93125194973e-15,0.0173904769671,1.41603338868e-15,0.0102645899673,1.07798560996e-15,0.00154470730725,1.05312117668e-15,0.00344945556348,7.23995058216e-16,0.00258623847178,3.01020852028e-16,0.000808334480389,2.36451427621e-16,0.000993571672669,7.79232912119e-16,0.000837177261718,3.99638716764e-16,0.000384313675958,4.14605883111e-16,0.000352812007758,3.98045770192e-16,0.00030992842707,4.7189806607e-16,0.000178095826695,2.70723241158e-16,0.000142493612445,4.14380983967e-16,0.00012436315415,3.14566313343e-16,8.18128299828e-05,7.77325160315e-16,6.18900883e-05,1.34707489118e-15
ablation_0004,ablation,A_low_comp_only,350,0,230,400,0.0015,0.0002,0.15,0.1,1,0.25,0,0,0,0,0,300,1,0.3,1,1.8973970745,1.52174676204,0.0288735785443,1.52202066096,0,350.000696184,0.861023995112,0.000696183939453,0.861023995112,20,2.16102894137,0,9.86523818236e-14,-0.281575406205,0.0824959923629,True,True,True,data/ablation_000.npz,False,1.52174676204,2.18716806473e-15,0.0208457613362,2.64441610517e-15,0.0157235432574,5.35200908233e-15,0.0103604842474,5.06885999008e-15,0.00588576919558,2.13019967452e-15,0.00276854291215,1.39338572103e-15,0.00097432305682,2.68987935604e-15,0.000464920063424,1.98637634835e-15,0.000595808271343,4.7543115087e-16,0.000578295619898,4.42130889136e-16,0.00045830602278,1.21153340997e-15,0.000322117171517,3.53254698183e-16,0.000213232163216,5.57225220602e-16,0.000143155617117,6.86868472805e-16,0.000104154252059,4.37553649059e-16,8.14686800008e-05,4.01226147684e-16,6.48012704299e-05,6.26290444447e-16,5.06323644413e-05,2.25136124745e-16,3.86314271441e-05,4.10535574251e-16,2.90124667671e-05,1.58724654342e-15
ablation_0005,ablation,A_low_combined,350,0,230,400,0.0015,0.0002,0.15,0.1,1,0.25,0,0,0,0,0,900,1,0.3,1,1.20372770747,1.52174676663,0.0183176874674,1.52185701032,8.08242361927e-16,350.000697239,0.861023663704,0.000697239456031,0.861023663704,20,2.1544511102,0,7.45599083891e-14,-0.281575406205,0.0523362839655,True,True,True,data/ablation_000.npz,False,1.52174676663,1.22044002894e-15,0.0105089101152,9.06919863546e-16,0.00981863787932,2.85067143001e-15,0.00825568157285,2.96024389276e-15,0.00615139678972,1.11192317904e-15,0.0040281829642,8.5248350161e-16,0.00226394133607,1.79912912774e-15,0.00100969781514,1.52420433957e-15,0.000243067647081,2.89596433407e-16,0.000145741517887,2.38580294316e-16,0.000285038707424,1.16901603369e-15,0.000285226623238,2.84509150226e-16,0.000224579380143,5.64853448768e-16,0.000150657188285,6.1891581246e-16,8.76190544608e-05,3.42154990936e-16,4.50049518895e-05,3.97211548219e-16,2.53400204359e-05,7.08693713085e-16,2.2160909969e-05,2.65510544012e-16,2.13659129959e-05,4.66904106689e-16,1.85547553573e-05,1.72687170651e-15
ablation_0006,ablation,A_Q_no_dead,350,700,230,400,0.0015,0.0002,0.15,0.1,0,0.25,0,0,0,0,0,300,0,0.3,1,6.59642864083e-05,3.40272922592,2.24458605229e-06,3.40272922592,2.3803181648e-15,348.278654933,700.862418525,-1.72134506684,0.86241852485,20,4.81218307806,0,1.08448506423e-13,-0.281575406205,6.41396712755e-06,True,True,True,data/ablation_000.npz,False,3.40272922592,4.23341631654e-16,2.24458605228e-06,2.16149224935e-15,1.96042384467e-12,6.5843991184e-15,2.1968365875e-15,6.27640957071e-15,2.14181387455e-15,1.2258277722e-15,3.75207712709e-16,1.3662204847e-15,6.62975783471e-16,2.34189557244e-15,1.05551700914e-15,1.66466890077e-15,3.75142693077e-16,3.96432916685e-16,1.21245880196e-15,4.46542541399e-16,1.31938386651e-15,1.2232089036e-15,5.4067175708e-16,2.63870717858e-16,7.06260995652e-16,8.46193606665e-16,2.76716648776e-15,7.45172292511e-16,1.72531012623e-15,2.80219480196e-16,3.00791000275e-16,4.72650219417e-16,4.04394005195e-16,6.5656563764e-16,7.74262177589e-16,1.52530892109e-16,6.82909365245e-16,1.42134372849e-16,3.42106150083e-16,1.89096602797e-15
ablation_0007,ablation,A_Q_base,350,700,230,400,0.0015,0.0002,0.15,0.1,1,0.25,0,0,0,0,0,300,0,0.3,1,25.9984656868,3.40272953763,0.884657471255,3.51584872673,2.64677169071e-15,348.278730161,700.862461199,-1.72126983867,0.862461198503,20,5.75728321052,0,9.85893815654e-14,-0.281575406205,2.52760104551,False,True,False,data/ablation_000.npz,False,3.40272953763,2.79609497256e-16,0.855578549215,2.80115458496e-15,0.212550052842,6.01098324249e-15,0.0287188561835,6.40810679826e-15,0.0499580293318,1.34993371075e-15,0.0365036751205,1.6194412101e-15,0.0167094920021,1.79942019806e-15,0.012156109864,1.86777423646e-15,0.0121316533591,2.87522374912e-16,0.00875275928979,8.5044752711e-16,0.00590730245481,1.15198454816e-15,0.00528150986752,2.33042242064e-16,0.00459802641971,7.16141760145e-16,0.00351998442606,8.68466150346e-16,0.00286694473731,5.00877326913e-16,0.00254695756335,4.2000095102e-16,0.00214593929239,6.76970815857e-16,0.00175988202401,3.57376229468e-16,0.00151981347774,3.37852132905e-16,0.00132658622811,1.46993331138e-15
ablation_0008,ablation,A_Q_bw_only,350,700,230,400,0.0015,0.0002,0.15,0.1,1,0.25,0,0,0,0,0,900,0,0.3,1,13.1645926079,3.40272935963,0.447955457743,3.43208857844,2.9665159218e-15,348.278691498,700.862434695,-1.72130850218,0.862434695264,20,5.19586644814,0,7.81726792618e-14,-0.281575406205,1.27987536199,False,True,False,data/ablation_000.npz,False,3.40272935963,7.55821568102e-16,0.395502447237,1.9012951979e-15,0.186139850997,3.07651394814e-15,0.0890233196505,3.41071809746e-15,0.0359517709486,6.80080977447e-16,0.00789408468165,1.13306728158e-15,0.00698233201528,1.45830809887e-15,0.0105558637458,1.13411872822e-15,0.00934533272783,4.64147800234e-16,0.00617672854049,6.25269996168e-16,0.00308411369249,9.66968244915e-16,0.00169118481021,2.46878153094e-16,0.00205632896723,8.83653136505e-16,0.00217693550636,8.01509006406e-16,0.00180367903594,3.62400733213e-16,0.00124136309185,2.57386504918e-16,0.000819187447096,6.27572751467e-16,0.000701810443907,4.55895896764e-16,0.000701174911431,1.29917580192e-16,0.000639562950909,1.98959456395e-15
ablation_0009,ablation,A_Q_comp_only,350,700,230,400,0.0015,0.0002,0.15,0.1,1,0.25,0,0,0,0,0,300,1,0.3,1,0.89437116472,3.40272922421,0.0304330289948,3.40286535657,3.73034936274e-15,348.278656365,700.862417375,-1.72134363533,0.862417374874,20,4.81608347972,0,1.07496324798e-13,-0.281575406205,0.0869652364916,True,True,True,data/ablation_000.npz,False,3.40272922421,1.47398037005e-15,0.0181648230848,1.93005393329e-15,0.0149545226137,5.77060416139e-15,0.011985657315,6.82683448557e-15,0.00949551091213,6.62997865883e-16,0.00747642727358,1.37280168842e-15,0.00585064599902,1.93307835134e-15,0.00454218945836,1.3362714146e-15,0.00349084964177,4.79718266585e-16,0.00265060125947,6.27502058195e-16,0.00198568156857,1.35251969049e-15,0.0014674762487,2.00402149282e-16,0.00107253350216,7.80855830695e-16,0.000781319277036,9.62645396867e-16,0.000577060988299,2.16764855098e-16,0.000443876109018,3.12250260321e-16,0.000364316937632,7.90115016481e-16,0.000319183766415,2.16024282175e-16,0.000291488408604,1.07639378996e-16,0.000270133822851,1.79138224829e-15
ablation_0010,ablation,A_Q_combined,350,700,230,400,0.0015,0.0002,0.15,0.1,1,0.25,0,0,0,0,0,900,1,0.3,1,0.579861885554,3.40272922406,0.0197311298389,3.40278645009,2.75335310107e-15,348.278655422,700.862417805,-1.72134457795,0.862417804512,20,4.81234948315,0,7.95705410645e-14,-0.281575406205,0.0563844418846,True,True,True,data/ablation_000.npz,False,3.40272922406,1.00846739159e-15,0.0086130262557,1.51820254596e-15,0.00822765057539,2.75185436533e-15,0.00770548753083,3.7727635871e-15,0.00706182428882,5.23988430808e-16,0.00633417919786,9.49243196892e-16,0.00556190126187,1.63925027933e-15,0.0047818281433,1.06010392014e-15,0.00402547279075,5.61964575142e-16,0.0033173859226,4.21610376975e-16,0.00267464651133,1.27639568618e-15,0.00210726025682,2.00437508426e-16,0.00161915781034,7.53293626194e-16,0.00120949493923,8.59104955379e-16,0.000874027659806,2.67087269711e-16,0.000606437185769,3.46604553893e-16,0.00039962065705,7.1423925375e-16,0.000247253798814,2.19142082913e-16,0.000146644099447,5.06998719755e-17,0.000101688694692,2.03596703683e-15
