case_id,comp_gain,bw_hz,substeps,thd_pct,i1_rms_a,harmonic_rms_a,i_rms_a,i_dc_a,p_w,q1_var,p_error_w,q_error_var,pq_tolerance,peak_a,saturation_fraction,periodicity_rms_a,pll_error_deg,residual_to_35a_pct,thd_pass,guardrail_pass,combined_pass
low,0,300,4,36.3092571751,1.52174654432,0.552534866328,1.61895263657,2.96403435129e-11,350.000646157,0.861003951271,0.000646156681626,0.861003951271,20,2.87980883608,0,2.36473416941e-11,-0.281575406205,1.57867186315,False,True,False
low,0,300,8,36.3092752939,1.52174654432,0.552535142052,1.61895273067,2.96401303501e-11,350.000646157,0.861003951175,0.000646156684695,0.861003951175,20,2.87980903671,0,2.36550554533e-11,-0.281575406205,1.57867265093,False,True,False
low,0,300,16,36.3092763625,1.52174654432,0.552535158313,1.61895273622,2.96406099665e-11,350.000646157,0.86100395117,0.000646156684581,0.86100395117,20,2.8798090486,0,2.36516402851e-11,-0.281575406205,1.57867269739,False,True,False
low,1,900,4,1.20373532089,1.52174676663,0.0183178033243,1.52185701171,6.57252030578e-16,350.000697239,0.861023663724,0.000697239455917,0.861023663724,20,2.15445107571,0,6.86619310782e-14,-0.281575406205,0.052336614985,True,True,True
low,1,900,8,1.20372810114,1.52174676663,0.0183176934581,1.52185701039,8.43769498715e-16,350.000697239,0.861023663705,0.000697239456201,0.861023663705,20,2.15445110826,0,7.70974271724e-14,-0.281575406205,0.0523363010816,True,True,True
low,1,900,16,1.20372770747,1.52174676663,0.0183176874674,1.52185701032,8.08242361927e-16,350.000697239,0.861023663704,0.000697239456031,0.861023663704,20,2.1544511102,0,7.45599083891e-14,-0.281575406205,0.0523362839655,True,True,True
reactive,0,300,4,27.5289595393,3.04349387649,0.837842197839,3.15671319236,2.93098878501e-16,-1.72207057843,700.001473366,-1.72207057843,0.00147336626969,20,5.22382493414,0,8.59286177557e-14,-0.281575406205,2.39384108147,False,True,False
reactive,0,300,8,27.528962181,3.04349387649,0.83784227824,3.1567132137,-1.50990331349e-16,-1.72207057844,700.001473366,-1.72207057844,0.00147336627356,20,5.22382497414,0,1.16118739441e-13,-0.281575406205,2.39384131117,False,True,False
reactive,0,300,16,27.5289623352,3.04349387649,0.837842282932,3.15671321495,3.99680288865e-16,-1.72207057844,700.001473366,-1.72207057844,0.00147336627379,20,5.22382497648,0,1.07379424795e-13,-0.281575406205,2.39384132458,False,True,False
reactive,1,900,4,0.615719338878,3.04349353973,0.0187393783016,3.04355124863,1.46549439251e-15,-1.72204229336,700.00139598,-1.72204229336,0.00139598033752,20,4.3044705433,0,7.25649159798e-14,-0.281575406205,0.0535496463328,True,True,True
reactive,1,900,8,0.615717207237,3.04349353973,0.0187393134253,3.04355124823,1.25233157178e-15,-1.72204229336,700.00139598,-1.72204229336,0.00139598033695,20,4.30447054612,0,8.42399630082e-14,-0.281575406205,0.0535494605751,True,True,True
reactive,1,900,16,0.615717085204,3.04349353973,0.0187393097112,3.0435512482,1.43884903991e-15,-1.72204229336,700.00139598,-1.72204229336,0.00139598033684,20,4.30447054628,0,8.04267888127e-14,-0.281575406205,0.0535494499409,True,True,True
hard,0,300,4,33.1125418377,3.09339034465,1.02430017208,3.25856918434,1.52589052504e-13,351.722851933,-699.140359129,1.7228519327,0.859640870617,20,5.53849149573,0,9.79513122888e-14,-0.281575406205,2.92659766897,False,True,False
hard,0,300,8,33.1125500484,3.09339034465,1.02430042607,3.25856926419,1.52002854747e-13,351.722851933,-699.140359129,1.72285193269,0.859640870865,20,5.53849169582,0,1.30790833891e-13,-0.281575406205,2.92659839475,False,True,False
hard,0,300,16,33.1125504852,3.09339034465,1.02430043958,3.25856926843,1.52251544705e-13,351.722851933,-699.140359129,1.72285193269,0.859640870878,20,5.53849170647,0,1.20478234546e-13,-0.281575406205,2.92659843336,False,True,False
hard,1,900,4,5.25902613209,3.0933902216,0.162682200121,3.09766525673,-1.40332190313e-15,351.722755525,-699.140372781,1.72275552465,0.859627219427,20,4.49470554716,0,8.57924248821e-14,-0.281575406205,0.464819294642,False,True,False
hard,1,900,8,5.25902575266,3.0933902216,0.162682188384,3.09766525617,-1.52766688188e-15,351.722755525,-699.140372781,1.72275552465,0.859627219489,20,4.49470560138,0,9.79889820911e-14,-0.281575406205,0.464819264519,False,True,False
hard,1,900,16,5.25902574684,3.0933902216,0.162682188204,3.09766525617,-2.22044604925e-15,351.722755525,-699.140372781,1.72275552465,0.859627219492,20,4.4947056042,0,9.33790191264e-14,-0.281575406205,0.46481926416,False,True,False
