bw_hz,comp_gain,comp_width_a,combined_pass,worst_thd_pct,mean_thd_pct
900,1,0.3,9,1.20372770747,0.575949407538
600,1,0.3,9,1.4391826412,0.681619275442
300,1,0.3,9,1.8973970745,0.894152641368
900,1,0.1,9,2.53307369734,0.763362690972
600,1,0.1,9,2.92349183892,0.851055025457
300,1,0.1,9,3.60670060112,0.992224504159
900,1,0.6,8,5.93687480834,1.89634577456
600,1,0.6,8,7.31132505987,2.33956814434
300,1,0.6,8,9.92320732833,3.21536258236
900,0.5,0.1,3,11.741759794,6.4877481113
900,0.5,0.3,3,12.0422524935,6.5551309864
900,0.5,0.6,3,13.6328087961,6.91111060542
600,0.5,0.1,0,15.5886522368,8.93230898683
600,0.5,0.3,0,15.8604528884,8.99387587246
600,0.5,0.6,0,17.5357782082,9.35779737467
900,0,0.1,0,20.9736953961,11.9737439931
900,0,0.3,0,20.9736953961,11.9737439931
900,0,0.6,0,20.9736953961,11.9737439931
300,0.5,0.1,0,22.9805840802,14.1488730577
300,0.5,0.3,0,23.2091539739,14.2047925735
300,0.5,0.6,0,24.9147183608,14.5712523219
600,0,0.1,0,26.5677746108,15.9389676865
600,0,0.3,0,26.5677746108,15.9389676865
600,0,0.6,0,26.5677746108,15.9389676865
300,0,0.1,0,36.3092763625,23.7459935725
300,0,0.3,0,36.3092763625,23.7459935725
300,0,0.6,0,36.3092763625,23.7459935725
