case_id,p,q,vrms,vdc,lf,lg,rf,rg,dead_us,zero_a,v3,v5,offset_a,adc_step,dead_shape
M001,0,-1400,207,400,0.0015,0.0002,0.15,0.1,1,0.25,0,0,0,0,0
M002,0,-700,207,400,0.0015,0.0002,0.15,0.1,1,0.25,0,0,0,0,0
M003,0,700,207,400,0.0015,0.0002,0.15,0.1,1,0.25,0,0,0,0,0
M004,0,1400,207,400,0.0015,0.0002,0.15,0.1,1,0.25,0,0,0,0,0
M005,350,-1400,207,400,0.0015,0.0002,0.15,0.1,1,0.25,0,0,0,0,0
M006,350,-700,207,400,0.0015,0.0002,0.15,0.1,1,0.25,0,0,0,0,0
M007,350,0,207,400,0.0015,0.0002,0.15,0.1,1,0.25,0,0,0,0,0
M008,350,700,207,400,0.0015,0.0002,0.15,0.1,1,0.25,0,0,0,0,0
M009,350,1400,207,400,0.0015,0.0002,0.15,0.1,1,0.25,0,0,0,0,0
M010,700,-1400,207,400,0.0015,0.0002,0.15,0.1,1,0.25,0,0,0,0,0
M011,700,-700,207,400,0.0015,0.0002,0.15,0.1,1,0.25,0,0,0,0,0
M012,700,0,207,400,0.0015,0.0002,0.15,0.1,1,0.25,0,0,0,0,0
M013,700,700,207,400,0.0015,0.0002,0.15,0.1,1,0.25,0,0,0,0,0
M014,700,1400,207,400,0.0015,0.0002,0.15,0.1,1,0.25,0,0,0,0,0
M015,1400,-1400,207,400,0.0015,0.0002,0.15,0.1,1,0.25,0,0,0,0,0
M016,1400,-700,207,400,0.0015,0.0002,0.15,0.1,1,0.25,0,0,0,0,0
M017,1400,0,207,400,0.0015,0.0002,0.15,0.1,1,0.25,0,0,0,0,0
M018,1400,700,207,400,0.0015,0.0002,0.15,0.1,1,0.25,0,0,0,0,0
M019,1400,1400,207,400,0.0015,0.0002,0.15,0.1,1,0.25,0,0,0,0,0
M020,2800,-1400,207,400,0.0015,0.0002,0.15,0.1,1,0.25,0,0,0,0,0
M021,2800,-700,207,400,0.0015,0.0002,0.15,0.1,1,0.25,0,0,0,0,0
M022,2800,0,207,400,0.0015,0.0002,0.15,0.1,1,0.25,0,0,0,0,0
M023,2800,700,207,400,0.0015,0.0002,0.15,0.1,1,0.25,0,0,0,0,0
M024,2800,1400,207,400,0.0015,0.0002,0.15,0.1,1,0.25,0,0,0,0,0
M025,0,-1400,230,400,0.0015,0.0002,0.15,0.1,1,0.25,0,0,0,0,0
M026,0,-700,230,400,0.0015,0.0002,0.15,0.1,1,0.25,0,0,0,0,0
M027,0,700,230,400,0.0015,0.0002,0.15,0.1,1,0.25,0,0,0,0,0
M028,0,1400,230,400,0.0015,0.0002,0.15,0.1,1,0.25,0,0,0,0,0
M029,350,-1400,230,400,0.0015,0.0002,0.15,0.1,1,0.25,0,0,0,0,0
M030,350,-700,230,400,0.0015,0.0002,0.15,0.1,1,0.25,0,0,0,0,0
M031,350,0,230,400,0.0015,0.0002,0.15,0.1,1,0.25,0,0,0,0,0
M032,350,700,230,400,0.0015,0.0002,0.15,0.1,1,0.25,0,0,0,0,0
M033,350,1400,230,400,0.0015,0.0002,0.15,0.1,1,0.25,0,0,0,0,0
M034,700,-1400,230,400,0.0015,0.0002,0.15,0.1,1,0.25,0,0,0,0,0
M035,700,-700,230,400,0.0015,0.0002,0.15,0.1,1,0.25,0,0,0,0,0
M036,700,0,230,400,0.0015,0.0002,0.15,0.1,1,0.25,0,0,0,0,0
M037,700,700,230,400,0.0015,0.0002,0.15,0.1,1,0.25,0,0,0,0,0
M038,700,1400,230,400,0.0015,0.0002,0.15,0.1,1,0.25,0,0,0,0,0
M039,1400,-1400,230,400,0.0015,0.0002,0.15,0.1,1,0.25,0,0,0,0,0
M040,1400,-700,230,400,0.0015,0.0002,0.15,0.1,1,0.25,0,0,0,0,0
M041,1400,0,230,400,0.0015,0.0002,0.15,0.1,1,0.25,0,0,0,0,0
M042,1400,700,230,400,0.0015,0.0002,0.15,0.1,1,0.25,0,0,0,0,0
M043,1400,1400,230,400,0.0015,0.0002,0.15,0.1,1,0.25,0,0,0,0,0
M044,2800,-1400,230,400,0.0015,0.0002,0.15,0.1,1,0.25,0,0,0,0,0
M045,2800,-700,230,400,0.0015,0.0002,0.15,0.1,1,0.25,0,0,0,0,0
M046,2800,0,230,400,0.0015,0.0002,0.15,0.1,1,0.25,0,0,0,0,0
M047,2800,700,230,400,0.0015,0.0002,0.15,0.1,1,0.25,0,0,0,0,0
M048,2800,1400,230,400,0.0015,0.0002,0.15,0.1,1,0.25,0,0,0,0,0
M049,0,-1400,253,400,0.0015,0.0002,0.15,0.1,1,0.25,0,0,0,0,0
M050,0,-700,253,400,0.0015,0.0002,0.15,0.1,1,0.25,0,0,0,0,0
M051,0,700,253,400,0.0015,0.0002,0.15,0.1,1,0.25,0,0,0,0,0
M052,0,1400,253,400,0.0015,0.0002,0.15,0.1,1,0.25,0,0,0,0,0
M053,350,-1400,253,400,0.0015,0.0002,0.15,0.1,1,0.25,0,0,0,0,0
M054,350,-700,253,400,0.0015,0.0002,0.15,0.1,1,0.25,0,0,0,0,0
M055,350,0,253,400,0.0015,0.0002,0.15,0.1,1,0.25,0,0,0,0,0
M056,350,700,253,400,0.0015,0.0002,0.15,0.1,1,0.25,0,0,0,0,0
M057,350,1400,253,400,0.0015,0.0002,0.15,0.1,1,0.25,0,0,0,0,0
M058,700,-1400,253,400,0.0015,0.0002,0.15,0.1,1,0.25,0,0,0,0,0
M059,700,-700,253,400,0.0015,0.0002,0.15,0.1,1,0.25,0,0,0,0,0
M060,700,0,253,400,0.0015,0.0002,0.15,0.1,1,0.25,0,0,0,0,0
M061,700,700,253,400,0.0015,0.0002,0.15,0.1,1,0.25,0,0,0,0,0
M062,700,1400,253,400,0.0015,0.0002,0.15,0.1,1,0.25,0,0,0,0,0
M063,1400,-1400,253,400,0.0015,0.0002,0.15,0.1,1,0.25,0,0,0,0,0
M064,1400,-700,253,400,0.0015,0.0002,0.15,0.1,1,0.25,0,0,0,0,0
M065,1400,0,253,400,0.0015,0.0002,0.15,0.1,1,0.25,0,0,0,0,0
M066,1400,700,253,400,0.0015,0.0002,0.15,0.1,1,0.25,0,0,0,0,0
M067,1400,1400,253,400,0.0015,0.0002,0.15,0.1,1,0.25,0,0,0,0,0
M068,2800,-1400,253,400,0.0015,0.0002,0.15,0.1,1,0.25,0,0,0,0,0
M069,2800,-700,253,400,0.0015,0.0002,0.15,0.1,1,0.25,0,0,0,0,0
M070,2800,0,253,400,0.0015,0.0002,0.15,0.1,1,0.25,0,0,0,0,0
M071,2800,700,253,400,0.0015,0.0002,0.15,0.1,1,0.25,0,0,0,0,0
M072,2800,1400,253,400,0.0015,0.0002,0.15,0.1,1,0.25,0,0,0,0,0
